insert into authority (id, deleted, name) values (1, false, "ROLE_REGISTERED");
insert into authority (id, deleted, name) values (2, false, "ROLE_ADMIN");

insert into admins (id, first_name, last_name, password, username) values
(1, "Admin", "Admin", "$2y$12$Cg76kI/v91EAqOjRWSrr/utljtY604voeDEJ1ldYq46iWTo7Mo1wO", "admin" );
-- password Admin021!

insert into admin_authority(authority_id, admin_id) values(2,1);

insert into users (id, first_name, last_name, password, username, email) values
(0, "UserFirstName", "UserLastName", "$2b$10$MbpAOLT5iU2OTOFMOBO4C.lCLUogU0VY3K.myRwMVuI.Cgi3prINO", "user", "user@gmail.com" );
-- password User123!

insert into user_authority(authority_id, user_id) values (1, 0);

INSERT INTO `location_scheme` (`id`, `deleted`, `address`, `name`) VALUES
(1,0,'Petrovaradin, Novi Sad','Petrovaradinska tvrdjava'),
(2,0,'Sutjeska 2, Novi Sad','Spens'),
(3,0,'Pozorisni trg 1, Novi Sad','Srpsko narodno pozoriste'),
(4,0,'Bul. Mihajla Pupina 3, Novi Sad','Arena Cineplex');

INSERT INTO `sector` (`id`, `deleted`, `bottom_rightx`, `bottom_righty`, `capacity`, `col_num`, `row_num`, `top_leftx`, `top_lefty`, `type`, `location_scheme_id`) VALUES
 (1,0,489,109,200,0,0,12,9,'PARTER',1),
 (2,0,485,221,50,5,10,15,116,'GRANDSTAND',1),
 (3,0,479,291,30,3,10,18,232,'GRANDSTAND',1),
 (4,0,413,83,40,4,10,94,18,'GRANDSTAND',2),
 (5,0,416,286,40,4,10,99,219,'GRANDSTAND',2),
 (6,0,86,292,40,4,10,4,19,'GRANDSTAND',2),
 (7,0,489,287,40,4,10,423,21,'GRANDSTAND',2),
 (8,0,414,218,100,0,0,98,87,'PARTER',2),
 (9,0,495,207,50,5,10,13,8,'GRANDSTAND',3),
 (10,0,490,292,20,10,2,19,215,'GRANDSTAND',3),
 (11,0,368,191,16,4,4,140,25,'GRANDSTAND',4),
 (12,0,485,293,30,10,3,18,199,'GRANDSTAND',4);

INSERT INTO `location` (`id`, `deleted`, `scheme_id`) VALUES (1,0,1),(2,0,1),(3,0,1),(4,0,2),(5,0,3),(6,0,4);

INSERT INTO `location_sector` (`id`, `deleted`, `capacity`, `price`, `vip`, `location_id`, `sector_id`) VALUES
(1,0,200,2000, 1,1,1),
(2,0,50,2500, 1,1,2),
(3,0,30,10000, 1,1,3),
(4,0,200,2000,0,2,1),
(5,0,50,3000,0,2,2),
(6,0,30,10000,1,2,3),
(7,0,200,3000,0,3,1),
(8,0,50,4000, 0,3,2),
(9,0,30,15000, 1,3,3),
(10,0,40,500, 0,4,4),
(11,0,40,500, 0,4,5),
(12,0,50,600, 0,5,9),
(13,0,16,400, 0,6,11),
(14,0,30,600, 1,6,12);

INSERT INTO `event` (`id`, `deleted`, `category`, `description`, `name`) VALUES
(1,0,'ENTERTAINMENT','Exit 20th birthday!','EXIT 2.0'),
(2,0,'SPORT','Dodjite da navijamo','Odbojka Vojvodina - Proleter Zrenjanin'),
(3,0,'CULTURAL','Nova izvedba cuvenog baleta','Balet Labudovo jezero'),
(4,0,'ENTERTAINMENT','Milos Bikovic u glavnoj ulozi','Juzni vetar 2'),
(5,0,'ENTERTAINMENT', 'Film koji kazuje pravu istinu o raznim temama koje pogadjaju Srbiju.', 'Tezina lanaca 3');

INSERT INTO `event_day` (`id`, `deleted`, `date`, `reservation_expiration_date`, `state`, `event_id`, `location_id`) VALUES
(1,0,'2020-12-05','2020-11-25','RESERVABLE_AND_BUYABLE',1,1),
(2,0,'2020-12-06','2020-11-26','RESERVABLE_AND_BUYABLE',1,2),
(3,0,'2020-12-07','2020-11-27','RESERVABLE_AND_BUYABLE',1,3),
(4,0,'2020-12-18','2020-11-17','RESERVABLE_AND_BUYABLE',2,4),
(5,0,'2020-12-28','2020-11-27','RESERVABLE_AND_BUYABLE',3,5),
(6,0,'2020-12-14','2020-11-13','RESERVABLE_AND_BUYABLE',4,6),
(7,0,'2020-12-21','2020-11-18','RESERVABLE_AND_BUYABLE',5,5);


INSERT INTO `ticket` (`id`, `deleted`, `price`, `seat_col`, `seat_row`, `sector_id`, `sector_type`, `sold`, `vip`, `event_day_id`, `user_id`) VALUES
(1,0,500,1,1,4,'GRANDSTAND',0,0,4,NULL),
(2,0,500,2,1,4,'GRANDSTAND',0,0,4,NULL),
(3,0,500,3,1,4,'GRANDSTAND',0,0,4,NULL),
(4,0,500,4,1,4,'GRANDSTAND',0,0,4,NULL),
(5,0,500,1,2,4,'GRANDSTAND',0,0,4,NULL),
(6,0,500,2,2,4,'GRANDSTAND',0,0,4,NULL),
(7,0,500,3,2,4,'GRANDSTAND',0,0,4,NULL),
(8,0,500,4,2,4,'GRANDSTAND',0,0,4,NULL),
(9,0,500,1,3,4,'GRANDSTAND',0,0,4,NULL),
(10,0,500,2,3,4,'GRANDSTAND',0,0,4,NULL),
(11,0,500,3,3,4,'GRANDSTAND',0,0,4,NULL),
(12,0,500,4,3,4,'GRANDSTAND',0,0,4,NULL),
(13,0,500,1,4,4,'GRANDSTAND',0,0,4,NULL),
(14,0,500,2,4,4,'GRANDSTAND',0,0,4,NULL),
(15,0,500,3,4,4,'GRANDSTAND',0,0,4,NULL),
(16,0,500,4,4,4,'GRANDSTAND',0,0,4,NULL),
(17,0,500,1,5,4,'GRANDSTAND',0,0,4,NULL),
(18,0,500,2,5,4,'GRANDSTAND',0,0,4,NULL),
(19,0,500,3,5,4,'GRANDSTAND',0,0,4,NULL),
(20,0,500,4,5,4,'GRANDSTAND',0,0,4,NULL),
(21,0,500,1,6,4,'GRANDSTAND',0,0,4,NULL),
(22,0,500,2,6,4,'GRANDSTAND',0,0,4,NULL),
(23,0,500,3,6,4,'GRANDSTAND',0,0,4,NULL),
(24,0,500,4,6,4,'GRANDSTAND',0,0,4,NULL),
(25,0,500,1,7,4,'GRANDSTAND',0,0,4,NULL),
(26,0,500,2,7,4,'GRANDSTAND',0,0,4,NULL),
(27,0,500,3,7,4,'GRANDSTAND',0,0,4,NULL),
(28,0,500,4,7,4,'GRANDSTAND',0,0,4,NULL),
(29,0,500,1,8,4,'GRANDSTAND',0,0,4,NULL),
(30, 0, 500, 2, 8, 4, 'GRANDSTAND', 0, 0, 4, NULL),
(31, 0, 500, 3, 8, 4, 'GRANDSTAND', 0, 0, 4, NULL),
(32, 0, 500, 4, 8, 4, 'GRANDSTAND', 0, 0, 4, NULL),
(33, 0, 500, 1, 9, 4, 'GRANDSTAND', 0, 0, 4, NULL),
(34, 0, 500, 2, 9, 4, 'GRANDSTAND', 0, 0, 4, NULL),
(35, 0, 500, 3, 9, 4, 'GRANDSTAND', 0, 0, 4, NULL),
(36, 0, 500, 4, 9, 4, 'GRANDSTAND', 0, 0, 4, NULL),
(37, 0, 500, 1, 10, 4, 'GRANDSTAND', 0, 0, 4, NULL),
(38, 0, 500, 2, 10, 4, 'GRANDSTAND', 0, 0, 4, NULL),
(39, 0, 500, 3, 10, 4, 'GRANDSTAND', 0, 0, 4, NULL),
(40, 0, 500, 4, 10, 4, 'GRANDSTAND', 0, 0, 4, NULL),
(41, 0, 500, 1, 1, 5, 'GRANDSTAND', 0, 0, 4, NULL),
(42, 0, 500, 2, 1, 5, 'GRANDSTAND', 0, 0, 4, NULL),
(43, 0, 500, 3, 1, 5, 'GRANDSTAND', 0, 0, 4, NULL),
(44, 0, 500, 4, 1, 5, 'GRANDSTAND', 0, 0, 4, NULL),
(45, 0, 500, 1, 2, 5, 'GRANDSTAND', 0, 0, 4, NULL),
(46, 0, 500, 2, 2, 5, 'GRANDSTAND', 0, 0, 4, NULL),
(47, 0, 500, 3, 2, 5, 'GRANDSTAND', 0, 0, 4, NULL),
(48, 0, 500, 4, 2, 5, 'GRANDSTAND', 0, 0, 4, NULL),
(49, 0, 500, 1, 3, 5, 'GRANDSTAND', 0, 0, 4, NULL),
(50, 0, 500, 2, 3, 5, 'GRANDSTAND', 0, 0, 4, NULL),
(51, 0, 500, 3, 3, 5, 'GRANDSTAND', 0, 0, 4, NULL),
(52, 0, 500, 4, 3, 5, 'GRANDSTAND', 0, 0, 4, NULL),
(53, 0, 500, 1, 4, 5, 'GRANDSTAND', 0, 0, 4, NULL),
(54, 0, 500, 2, 4, 5, 'GRANDSTAND', 0, 0, 4, NULL),
(55, 0, 500, 3, 4, 5, 'GRANDSTAND', 0, 0, 4, NULL),
(56, 0, 500, 4, 4, 5, 'GRANDSTAND', 0, 0, 4, NULL),
(57, 0, 500, 1, 5, 5, 'GRANDSTAND', 0, 0, 4, NULL),
(58, 0, 500, 2, 5, 5, 'GRANDSTAND', 0, 0, 4, NULL),
(59, 0, 500, 3, 5, 5, 'GRANDSTAND', 0, 0, 4, NULL),
(60, 0, 500, 4, 5, 5, 'GRANDSTAND', 0, 0, 4, NULL),
(61, 0, 500, 1, 6, 5, 'GRANDSTAND', 0, 0, 4, NULL),
(62, 0, 500, 2, 6, 5, 'GRANDSTAND', 0, 0, 4, NULL),
(63, 0, 500, 3, 6, 5, 'GRANDSTAND', 0, 0, 4, NULL),
(64, 0, 500, 4, 6, 5, 'GRANDSTAND', 0, 0, 4, NULL),
(65, 0, 500, 1, 7, 5, 'GRANDSTAND', 0, 0, 4, NULL),
(66, 0, 500, 2, 7, 5, 'GRANDSTAND', 0, 0, 4, NULL),
(67, 0, 500, 3, 7, 5, 'GRANDSTAND', 0, 0, 4, NULL),
(68, 0, 500, 4, 7, 5, 'GRANDSTAND', 0, 0, 4, NULL),
(69, 0, 500, 1, 8, 5, 'GRANDSTAND', 0, 0, 4, NULL),
(70, 0, 500, 2, 8, 5, 'GRANDSTAND', 0, 0, 4, NULL),
(71, 0, 500, 3, 8, 5, 'GRANDSTAND', 0, 0, 4, NULL),
(72, 0, 500, 4, 8, 5, 'GRANDSTAND', 0, 0, 4, NULL),
(73, 0, 500, 1, 9, 5, 'GRANDSTAND', 0, 0, 4, NULL),
(74, 0, 500, 2, 9, 5, 'GRANDSTAND', 0, 0, 4, NULL),
(75, 0, 500, 3, 9, 5, 'GRANDSTAND', 0, 0, 4, NULL),
(76, 0, 500, 4, 9, 5, 'GRANDSTAND', 0, 0, 4, NULL),
(77, 0, 500, 1, 10, 5, 'GRANDSTAND', 0, 0, 4, NULL),
(78, 0, 500, 2, 10, 5, 'GRANDSTAND', 0, 0, 4, NULL),
(79, 0, 500, 3, 10, 5, 'GRANDSTAND', 0, 0, 4, NULL),
(80, 0, 500, 4, 10, 5, 'GRANDSTAND', 0, 0, 4, NULL),
(81, 0, 600, 1, 1, 9, 'GRANDSTAND', 0, 0, 5, NULL),
(82, 0, 600, 2, 1, 9, 'GRANDSTAND', 0, 0, 5, NULL),
(83, 0, 600, 3, 1, 9, 'GRANDSTAND', 0, 0, 5, NULL),
(84, 0, 600, 4, 1, 9, 'GRANDSTAND', 0, 0, 5, NULL),
(85, 0, 600, 5, 1, 9, 'GRANDSTAND', 0, 0, 5, NULL),
(86, 0, 600, 1, 2, 9, 'GRANDSTAND', 0, 0, 5, NULL),
(87, 0, 600, 2, 2, 9, 'GRANDSTAND', 0, 0, 5, NULL),
(88, 0, 600, 3, 2, 9, 'GRANDSTAND', 0, 0, 5, NULL),
(89, 0, 600, 4, 2, 9, 'GRANDSTAND', 0, 0, 5, NULL),
(90, 0, 600, 5, 2, 9, 'GRANDSTAND', 0, 0, 5, NULL),
(91, 0, 600, 1, 3, 9, 'GRANDSTAND', 0, 0, 5, NULL),
(92, 0, 600, 2, 3, 9, 'GRANDSTAND', 0, 0, 5, NULL),
(93, 0, 600, 3, 3, 9, 'GRANDSTAND', 0, 0, 5, NULL),
(94, 0, 600, 4, 3, 9, 'GRANDSTAND', 0, 0, 5, NULL),
(95, 0, 600, 5, 3, 9, 'GRANDSTAND', 0, 0, 5, NULL),
(96, 0, 600, 1, 4, 9, 'GRANDSTAND', 0, 0, 5, NULL),
(97, 0, 600, 2, 4, 9, 'GRANDSTAND', 0, 0, 5, NULL),
(98, 0, 600, 3, 4, 9, 'GRANDSTAND', 0, 0, 5, NULL),
(99, 0, 600, 4, 4, 9, 'GRANDSTAND', 0, 0, 5, NULL),
(100, 0, 600, 5, 4, 9, 'GRANDSTAND', 0, 0, 5, NULL),
(101, 0, 600, 1, 5, 9, 'GRANDSTAND', 0, 0, 5, NULL),
(102, 0, 600, 2, 5, 9, 'GRANDSTAND', 0, 0, 5, NULL),
(103, 0, 600, 3, 5, 9, 'GRANDSTAND', 0, 0, 5, NULL),
(104, 0, 600, 4, 5, 9, 'GRANDSTAND', 0, 0, 5, NULL),
(105, 0, 600, 5, 5, 9, 'GRANDSTAND', 0, 0, 5, NULL),
(106, 0, 600, 1, 6, 9, 'GRANDSTAND', 0, 0, 5, NULL),
(107, 0, 600, 2, 6, 9, 'GRANDSTAND', 0, 0, 5, NULL),
(108, 0, 600, 3, 6, 9, 'GRANDSTAND', 0, 0, 5, NULL),
(109, 0, 600, 4, 6, 9, 'GRANDSTAND', 0, 0, 5, NULL),
(110, 0, 600, 5, 6, 9, 'GRANDSTAND', 0, 0, 5, NULL),
(111, 0, 600, 1, 7, 9, 'GRANDSTAND', 0, 0, 5, NULL),
(112, 0, 600, 2, 7, 9, 'GRANDSTAND', 0, 0, 5, NULL),
(113, 0, 600, 3, 7, 9, 'GRANDSTAND', 0, 0, 5, NULL),
(114, 0, 600, 4, 7, 9, 'GRANDSTAND', 0, 0, 5, NULL),
(115, 0, 600, 5, 7, 9, 'GRANDSTAND', 0, 0, 5, NULL),
(116, 0, 600, 1, 8, 9, 'GRANDSTAND', 0, 0, 5, NULL),
(117, 0, 600, 2, 8, 9, 'GRANDSTAND', 0, 0, 5, NULL),
(118, 0, 600, 3, 8, 9, 'GRANDSTAND', 0, 0, 5, NULL),
(119, 0, 600, 4, 8, 9, 'GRANDSTAND', 0, 0, 5, NULL),
(120, 0, 600, 5, 8, 9, 'GRANDSTAND', 0, 0, 5, NULL),
(121, 0, 600, 1, 9, 9, 'GRANDSTAND', 0, 0, 5, NULL),
(122, 0, 600, 2, 9, 9, 'GRANDSTAND', 0, 0, 5, NULL),
(123, 0, 600, 3, 9, 9, 'GRANDSTAND', 0, 0, 5, NULL),
(124, 0, 600, 4, 9, 9, 'GRANDSTAND', 0, 0, 5, NULL),
(125, 0, 600, 5, 9, 9, 'GRANDSTAND', 0, 0, 5, NULL),
(126, 0, 600, 1, 10, 9, 'GRANDSTAND', 0, 0, 5, NULL),
(127, 0, 600, 2, 10, 9, 'GRANDSTAND', 0, 0, 5, NULL),
(128, 0, 600, 3, 10, 9, 'GRANDSTAND', 0, 0, 5, NULL),
(129, 0, 600, 4, 10, 9, 'GRANDSTAND', 0, 0, 5, NULL),
(130, 0, 600, 5, 10, 9, 'GRANDSTAND', 0, 0, 5, NULL),
(131, 0, 400, 1, 1, 11, 'GRANDSTAND', 0, 0, 6, NULL),
(132, 0, 400, 2, 1, 11, 'GRANDSTAND', 0, 0, 6, NULL),
(133, 0, 400, 3, 1, 11, 'GRANDSTAND', 0, 0, 6, NULL),
(134, 0, 400, 4, 1, 11, 'GRANDSTAND', 0, 0, 6, NULL),
(135, 0, 400, 1, 2, 11, 'GRANDSTAND', 0, 0, 6, NULL),
(136, 0, 400, 2, 2, 11, 'GRANDSTAND', 0, 0, 6, NULL),
(137, 0, 400, 3, 2, 11, 'GRANDSTAND', 0, 0, 6, NULL),
(138, 0, 400, 4, 2, 11, 'GRANDSTAND', 0, 0, 6, NULL),
(139, 0, 400, 1, 3, 11, 'GRANDSTAND', 0, 0, 6, NULL),
(140, 0, 400, 2, 3, 11, 'GRANDSTAND', 0, 0, 6, NULL),
(141, 0, 400, 3, 3, 11, 'GRANDSTAND', 0, 0, 6, NULL),
(142, 0, 400, 4, 3, 11, 'GRANDSTAND', 0, 0, 6, NULL),
(143, 0, 400, 1, 4, 11, 'GRANDSTAND', 0, 0, 6, NULL),
(144, 0, 400, 2, 4, 11, 'GRANDSTAND', 0, 0, 6, NULL),
(145, 0, 400, 3, 4, 11, 'GRANDSTAND', 0, 0, 6, NULL),
(146, 0, 400, 4, 4, 11, 'GRANDSTAND', 0, 0, 6, NULL),
(147, 0, 600, 1, 1, 12, 'GRANDSTAND', 0, 1, 6, NULL),
(148, 0, 600, 2, 1, 12, 'GRANDSTAND', 0, 1, 6, NULL),
(149, 0, 600, 3, 1, 12, 'GRANDSTAND', 0, 1, 6, NULL),
(150, 0, 600, 4, 1, 12, 'GRANDSTAND', 0, 1, 6, NULL),
(151, 0, 600, 5, 1, 12, 'GRANDSTAND', 0, 1, 6, NULL),
(152, 0, 600, 6, 1, 12, 'GRANDSTAND', 0, 1, 6, NULL),
(153, 0, 600, 7, 1, 12, 'GRANDSTAND', 0, 1, 6, NULL),
(154, 0, 600, 8, 1, 12, 'GRANDSTAND', 0, 1, 6, NULL),
(155, 0, 600, 9, 1, 12, 'GRANDSTAND', 0, 1, 6, NULL),
(156, 0, 600, 10, 1, 12, 'GRANDSTAND', 0, 1, 6, NULL),
(157, 0, 600, 1, 2, 12, 'GRANDSTAND', 0, 1, 6, NULL),
(158, 0, 600, 2, 2, 12, 'GRANDSTAND', 0, 1, 6, NULL),
(159, 0, 600, 3, 2, 12, 'GRANDSTAND', 0, 1, 6, NULL),
(160, 0, 600, 4, 2, 12, 'GRANDSTAND', 0, 1, 6, NULL),
(161, 0, 600, 5, 2, 12, 'GRANDSTAND', 0, 1, 6, NULL),
(162, 0, 600, 6, 2, 12, 'GRANDSTAND', 0, 1, 6, NULL),
(163, 0, 600, 7, 2, 12, 'GRANDSTAND', 0, 1, 6, NULL),
(164, 0, 600, 8, 2, 12, 'GRANDSTAND', 0, 1, 6, NULL),
(165, 0, 600, 9, 2, 12, 'GRANDSTAND', 0, 1, 6, NULL),
(166, 0, 600, 10, 2, 12, 'GRANDSTAND', 0, 1, 6, NULL),
(167, 0, 600, 1, 3, 12, 'GRANDSTAND', 0, 1, 6, NULL),
(168, 0, 600, 2, 3, 12, 'GRANDSTAND', 0, 1, 6, NULL),
(169, 0, 600, 3, 3, 12, 'GRANDSTAND', 0, 1, 6, NULL),
(170, 0, 600, 4, 3, 12, 'GRANDSTAND', 0, 1, 6, NULL),
(171, 0, 600, 5, 3, 12, 'GRANDSTAND', 0, 1, 6, NULL),
(172, 0, 600, 6, 3, 12, 'GRANDSTAND', 0, 1, 6, NULL),
(173, 0, 600, 7, 3, 12, 'GRANDSTAND', 0, 1, 6, NULL),
(174, 0, 600, 8, 3, 12, 'GRANDSTAND', 0, 1, 6, NULL),
(175, 0, 600, 9, 3, 12, 'GRANDSTAND', 0, 1, 6, NULL),
(176, 0, 600, 10, 3, 12, 'GRANDSTAND', 0, 1, 6, NULL),
(177, 0, 2000, 0, 0, 1, 'PARTER', 0, 0, 1, NULL),
(178, 0, 2000, 0, 0, 1, 'PARTER', 0, 0, 1, NULL),
(179, 0, 2000, 0, 0, 1, 'PARTER', 0, 0, 1, NULL),
(180, 0, 2000, 0, 0, 1, 'PARTER', 0, 0, 1, NULL),
(181, 0, 2000, 0, 0, 1, 'PARTER', 0, 0, 1, NULL),
(182, 0, 2000, 0, 0, 1, 'PARTER', 0, 0, 1, NULL),
(183, 0, 2000, 0, 0, 1, 'PARTER', 0, 0, 1, NULL),
(184, 0, 2000, 0, 0, 1, 'PARTER', 0, 0, 1, NULL),
(185, 0, 2000, 0, 0, 1, 'PARTER', 0, 0, 1, NULL),
(186, 0, 2000, 0, 0, 1, 'PARTER', 0, 0, 1, NULL),
(187, 0, 2000, 0, 0, 1, 'PARTER', 0, 0, 1, NULL),
(188, 0, 2000, 0, 0, 1, 'PARTER', 0, 0, 1, NULL),
(189, 0, 2000, 0, 0, 1, 'PARTER', 0, 0, 1, NULL),
(190, 0, 2000, 0, 0, 1, 'PARTER', 0, 0, 1, NULL),
(191, 0, 2000, 0, 0, 1, 'PARTER', 0, 0, 1, NULL),
(192, 0, 2000, 0, 0, 1, 'PARTER', 0, 0, 1, NULL),
(193, 0, 2000, 0, 0, 1, 'PARTER', 0, 0, 1, NULL),
(194, 0, 2000, 0, 0, 1, 'PARTER', 0, 0, 1, NULL),
(195, 0, 2000, 0, 0, 1, 'PARTER', 0, 0, 1, NULL),
(196, 0, 2000, 0, 0, 1, 'PARTER', 0, 0, 1, NULL),
(197, 0, 2000, 0, 0, 1, 'PARTER', 0, 0, 1, NULL),
(198, 0, 2000, 0, 0, 1, 'PARTER', 0, 0, 1, NULL),
(199, 0, 2000, 0, 0, 1, 'PARTER', 0, 0, 1, NULL),
(200, 0, 2000, 0, 0, 1, 'PARTER', 0, 0, 1, NULL),
(201, 0, 2000, 0, 0, 1, 'PARTER', 0, 0, 1, NULL),
(202, 0, 2000, 0, 0, 1, 'PARTER', 0, 0, 1, NULL),
(203, 0, 2000, 0, 0, 1, 'PARTER', 0, 0, 1, NULL),
(204, 0, 2000, 0, 0, 1, 'PARTER', 0, 0, 1, NULL),
(205, 0, 2000, 0, 0, 1, 'PARTER', 0, 0, 1, NULL),
(206, 0, 2000, 0, 0, 1, 'PARTER', 0, 0, 1, NULL),
(207, 0, 2000, 0, 0, 1, 'PARTER', 0, 0, 1, NULL),
(208, 0, 2000, 0, 0, 1, 'PARTER', 0, 0, 1, NULL),
(209, 0, 2000, 0, 0, 1, 'PARTER', 0, 0, 1, NULL),
(210, 0, 2000, 0, 0, 1, 'PARTER', 0, 0, 1, NULL),
(211, 0, 2000, 0, 0, 1, 'PARTER', 0, 0, 1, NULL),
(212, 0, 2000, 0, 0, 1, 'PARTER', 0, 0, 1, NULL),
(213, 0, 2000, 0, 0, 1, 'PARTER', 0, 0, 1, NULL),
(214, 0, 2000, 0, 0, 1, 'PARTER', 0, 0, 1, NULL),
(215, 0, 2000, 0, 0, 1, 'PARTER', 0, 0, 1, NULL),
(216, 0, 2000, 0, 0, 1, 'PARTER', 0, 0, 1, NULL),
(217, 0, 2000, 0, 0, 1, 'PARTER', 0, 0, 1, NULL),
(218, 0, 2000, 0, 0, 1, 'PARTER', 0, 0, 1, NULL),
(219, 0, 2000, 0, 0, 1, 'PARTER', 0, 0, 1, NULL),
(220, 0, 2000, 0, 0, 1, 'PARTER', 0, 0, 1, NULL),
(221, 0, 2000, 0, 0, 1, 'PARTER', 0, 0, 1, NULL),
(222, 0, 2000, 0, 0, 1, 'PARTER', 0, 0, 1, NULL),
(223, 0, 2000, 0, 0, 1, 'PARTER', 0, 0, 1, NULL),
(224, 0, 2000, 0, 0, 1, 'PARTER', 0, 0, 1, NULL),
(225, 0, 2000, 0, 0, 1, 'PARTER', 0, 0, 1, NULL),
(226, 0, 2000, 0, 0, 1, 'PARTER', 0, 0, 1, NULL),
(227, 0, 2000, 0, 0, 1, 'PARTER', 0, 0, 1, NULL),
(228, 0, 2000, 0, 0, 1, 'PARTER', 0, 0, 1, NULL),
(229, 0, 2000, 0, 0, 1, 'PARTER', 0, 0, 1, NULL),
(230, 0, 2000, 0, 0, 1, 'PARTER', 0, 0, 1, NULL),
(231, 0, 2000, 0, 0, 1, 'PARTER', 0, 0, 1, NULL),
(232, 0, 2000, 0, 0, 1, 'PARTER', 0, 0, 1, NULL),
(233, 0, 2000, 0, 0, 1, 'PARTER', 0, 0, 1, NULL),
(234, 0, 2000, 0, 0, 1, 'PARTER', 0, 0, 1, NULL),
(235, 0, 2000, 0, 0, 1, 'PARTER', 0, 0, 1, NULL),
(236, 0, 2000, 0, 0, 1, 'PARTER', 0, 0, 1, NULL),
(237, 0, 2000, 0, 0, 1, 'PARTER', 0, 0, 1, NULL),
(238, 0, 2000, 0, 0, 1, 'PARTER', 0, 0, 1, NULL),
(239, 0, 2000, 0, 0, 1, 'PARTER', 0, 0, 1, NULL),
(240, 0, 2000, 0, 0, 1, 'PARTER', 0, 0, 1, NULL),
(241, 0, 2000, 0, 0, 1, 'PARTER', 0, 0, 1, NULL),
(242, 0, 2000, 0, 0, 1, 'PARTER', 0, 0, 1, NULL),
(243, 0, 2000, 0, 0, 1, 'PARTER', 0, 0, 1, NULL),
(244, 0, 2000, 0, 0, 1, 'PARTER', 0, 0, 1, NULL),
(245, 0, 2000, 0, 0, 1, 'PARTER', 0, 0, 1, NULL),
(246, 0, 2000, 0, 0, 1, 'PARTER', 0, 0, 1, NULL),
(247, 0, 2000, 0, 0, 1, 'PARTER', 0, 0, 1, NULL),
(248, 0, 2000, 0, 0, 1, 'PARTER', 0, 0, 1, NULL),
(249, 0, 2000, 0, 0, 1, 'PARTER', 0, 0, 1, NULL),
(250, 0, 2000, 0, 0, 1, 'PARTER', 0, 0, 1, NULL),
(251, 0, 2000, 0, 0, 1, 'PARTER', 0, 0, 1, NULL),
(252, 0, 2000, 0, 0, 1, 'PARTER', 0, 0, 1, NULL),
(253, 0, 2000, 0, 0, 1, 'PARTER', 0, 0, 1, NULL),
(254, 0, 2000, 0, 0, 1, 'PARTER', 0, 0, 1, NULL),
(255, 0, 2000, 0, 0, 1, 'PARTER', 0, 0, 1, NULL),
(256, 0, 2000, 0, 0, 1, 'PARTER', 0, 0, 1, NULL),
(257, 0, 2000, 0, 0, 1, 'PARTER', 0, 0, 1, NULL),
(258, 0, 2000, 0, 0, 1, 'PARTER', 0, 0, 1, NULL),
(259, 0, 2000, 0, 0, 1, 'PARTER', 0, 0, 1, NULL),
(260, 0, 2000, 0, 0, 1, 'PARTER', 0, 0, 1, NULL),
(261, 0, 2000, 0, 0, 1, 'PARTER', 0, 0, 1, NULL),
(262, 0, 2000, 0, 0, 1, 'PARTER', 0, 0, 1, NULL),
(263, 0, 2000, 0, 0, 1, 'PARTER', 0, 0, 1, NULL),
(264, 0, 2000, 0, 0, 1, 'PARTER', 0, 0, 1, NULL),
(265, 0, 2000, 0, 0, 1, 'PARTER', 0, 0, 1, NULL),
(266, 0, 2000, 0, 0, 1, 'PARTER', 0, 0, 1, NULL),
(267, 0, 2000, 0, 0, 1, 'PARTER', 0, 0, 1, NULL),
(268, 0, 2000, 0, 0, 1, 'PARTER', 0, 0, 1, NULL),
(269, 0, 2000, 0, 0, 1, 'PARTER', 0, 0, 1, NULL),
(270, 0, 2000, 0, 0, 1, 'PARTER', 0, 0, 1, NULL),
(271, 0, 2000, 0, 0, 1, 'PARTER', 0, 0, 1, NULL),
(272, 0, 2000, 0, 0, 1, 'PARTER', 0, 0, 1, NULL),
(273, 0, 2000, 0, 0, 1, 'PARTER', 0, 0, 1, NULL),
(274, 0, 2000, 0, 0, 1, 'PARTER', 0, 0, 1, NULL),
(275, 0, 2000, 0, 0, 1, 'PARTER', 0, 0, 1, NULL),
(276, 0, 2000, 0, 0, 1, 'PARTER', 0, 0, 1, NULL),
(277, 0, 2000, 0, 0, 1, 'PARTER', 0, 0, 1, NULL),
(278, 0, 2000, 0, 0, 1, 'PARTER', 0, 0, 1, NULL),
(279, 0, 2000, 0, 0, 1, 'PARTER', 0, 0, 1, NULL),
(280, 0, 2000, 0, 0, 1, 'PARTER', 0, 0, 1, NULL),
(281, 0, 2000, 0, 0, 1, 'PARTER', 0, 0, 1, NULL),
(282, 0, 2000, 0, 0, 1, 'PARTER', 0, 0, 1, NULL),
(283, 0, 2000, 0, 0, 1, 'PARTER', 0, 0, 1, NULL),
(284, 0, 2000, 0, 0, 1, 'PARTER', 0, 0, 1, NULL),
(285, 0, 2000, 0, 0, 1, 'PARTER', 0, 0, 1, NULL),
(286, 0, 2000, 0, 0, 1, 'PARTER', 0, 0, 1, NULL),
(287, 0, 2000, 0, 0, 1, 'PARTER', 0, 0, 1, NULL),
(288, 0, 2000, 0, 0, 1, 'PARTER', 0, 0, 1, NULL),
(289, 0, 2000, 0, 0, 1, 'PARTER', 0, 0, 1, NULL),
(290, 0, 2000, 0, 0, 1, 'PARTER', 0, 0, 1, NULL),
(291, 0, 2000, 0, 0, 1, 'PARTER', 0, 0, 1, NULL),
(292, 0, 2000, 0, 0, 1, 'PARTER', 0, 0, 1, NULL),
(293, 0, 2000, 0, 0, 1, 'PARTER', 0, 0, 1, NULL),
(294, 0, 2000, 0, 0, 1, 'PARTER', 0, 0, 1, NULL),
(295, 0, 2000, 0, 0, 1, 'PARTER', 0, 0, 1, NULL),
(296, 0, 2000, 0, 0, 1, 'PARTER', 0, 0, 1, NULL),
(297, 0, 2000, 0, 0, 1, 'PARTER', 0, 0, 1, NULL),
(298, 0, 2000, 0, 0, 1, 'PARTER', 0, 0, 1, NULL),
(299, 0, 2000, 0, 0, 1, 'PARTER', 0, 0, 1, NULL),
(300, 0, 2000, 0, 0, 1, 'PARTER', 0, 0, 1, NULL),
(301, 0, 2000, 0, 0, 1, 'PARTER', 0, 0, 1, NULL),
(302, 0, 2000, 0, 0, 1, 'PARTER', 0, 0, 1, NULL),
(303, 0, 2000, 0, 0, 1, 'PARTER', 0, 0, 1, NULL),
(304, 0, 2000, 0, 0, 1, 'PARTER', 0, 0, 1, NULL),
(305, 0, 2000, 0, 0, 1, 'PARTER', 0, 0, 1, NULL),
(306, 0, 2000, 0, 0, 1, 'PARTER', 0, 0, 1, NULL),
(307, 0, 2000, 0, 0, 1, 'PARTER', 0, 0, 1, NULL),
(308, 0, 2000, 0, 0, 1, 'PARTER', 0, 0, 1, NULL),
(309, 0, 2000, 0, 0, 1, 'PARTER', 0, 0, 1, NULL),
(310, 0, 2000, 0, 0, 1, 'PARTER', 0, 0, 1, NULL),
(311, 0, 2000, 0, 0, 1, 'PARTER', 0, 0, 1, NULL),
(312, 0, 2000, 0, 0, 1, 'PARTER', 0, 0, 1, NULL),
(313, 0, 2000, 0, 0, 1, 'PARTER', 0, 0, 1, NULL),
(314, 0, 2000, 0, 0, 1, 'PARTER', 0, 0, 1, NULL),
(315, 0, 2000, 0, 0, 1, 'PARTER', 0, 0, 1, NULL),
(316, 0, 2000, 0, 0, 1, 'PARTER', 0, 0, 1, NULL),
(317, 0, 2000, 0, 0, 1, 'PARTER', 0, 0, 1, NULL),
(318, 0, 2000, 0, 0, 1, 'PARTER', 0, 0, 1, NULL),
(319, 0, 2000, 0, 0, 1, 'PARTER', 0, 0, 1, NULL),
(320, 0, 2000, 0, 0, 1, 'PARTER', 0, 0, 1, NULL),
(321, 0, 2000, 0, 0, 1, 'PARTER', 0, 0, 1, NULL),
(322, 0, 2000, 0, 0, 1, 'PARTER', 0, 0, 1, NULL),
(323, 0, 2000, 0, 0, 1, 'PARTER', 0, 0, 1, NULL),
(324, 0, 2000, 0, 0, 1, 'PARTER', 0, 0, 1, NULL),
(325, 0, 2000, 0, 0, 1, 'PARTER', 0, 0, 1, NULL),
(326, 0, 2000, 0, 0, 1, 'PARTER', 0, 0, 1, NULL),
(327, 0, 2000, 0, 0, 1, 'PARTER', 0, 0, 1, NULL),
(328, 0, 2000, 0, 0, 1, 'PARTER', 0, 0, 1, NULL),
(329, 0, 2000, 0, 0, 1, 'PARTER', 0, 0, 1, NULL),
(330, 0, 2000, 0, 0, 1, 'PARTER', 0, 0, 1, NULL),
(331, 0, 2000, 0, 0, 1, 'PARTER', 0, 0, 1, NULL),
(332, 0, 2000, 0, 0, 1, 'PARTER', 0, 0, 1, NULL),
(333, 0, 2000, 0, 0, 1, 'PARTER', 0, 0, 1, NULL),
(334, 0, 2000, 0, 0, 1, 'PARTER', 0, 0, 1, NULL),
(335, 0, 2000, 0, 0, 1, 'PARTER', 0, 0, 1, NULL),
(336, 0, 2000, 0, 0, 1, 'PARTER', 0, 0, 1, NULL),
(337, 0, 2000, 0, 0, 1, 'PARTER', 0, 0, 1, NULL),
(338, 0, 2000, 0, 0, 1, 'PARTER', 0, 0, 1, NULL),
(339, 0, 2000, 0, 0, 1, 'PARTER', 0, 0, 1, NULL),
(340, 0, 2000, 0, 0, 1, 'PARTER', 0, 0, 1, NULL),
(341, 0, 2000, 0, 0, 1, 'PARTER', 0, 0, 1, NULL),
(342, 0, 2000, 0, 0, 1, 'PARTER', 0, 0, 1, NULL),
(343, 0, 2000, 0, 0, 1, 'PARTER', 0, 0, 1, NULL),
(344, 0, 2000, 0, 0, 1, 'PARTER', 0, 0, 1, NULL),
(345, 0, 2000, 0, 0, 1, 'PARTER', 0, 0, 1, NULL),
(346, 0, 2000, 0, 0, 1, 'PARTER', 0, 0, 1, NULL),
(347, 0, 2000, 0, 0, 1, 'PARTER', 0, 0, 1, NULL),
(348, 0, 2000, 0, 0, 1, 'PARTER', 0, 0, 1, NULL),
(349, 0, 2000, 0, 0, 1, 'PARTER', 0, 0, 1, NULL),
(350, 0, 2000, 0, 0, 1, 'PARTER', 0, 0, 1, NULL),
(351, 0, 2000, 0, 0, 1, 'PARTER', 0, 0, 1, NULL),
(352, 0, 2000, 0, 0, 1, 'PARTER', 0, 0, 1, NULL),
(353, 0, 2000, 0, 0, 1, 'PARTER', 0, 0, 1, NULL),
(354, 0, 2000, 0, 0, 1, 'PARTER', 0, 0, 1, NULL),
(355, 0, 2000, 0, 0, 1, 'PARTER', 0, 0, 1, NULL),
(356, 0, 2000, 0, 0, 1, 'PARTER', 0, 0, 1, NULL),
(357, 0, 2000, 0, 0, 1, 'PARTER', 0, 0, 1, NULL),
(358, 0, 2000, 0, 0, 1, 'PARTER', 0, 0, 1, NULL),
(359, 0, 2000, 0, 0, 1, 'PARTER', 0, 0, 1, NULL),
(360, 0, 2000, 0, 0, 1, 'PARTER', 0, 0, 1, NULL),
(361, 0, 2000, 0, 0, 1, 'PARTER', 0, 0, 1, NULL),
(362, 0, 2000, 0, 0, 1, 'PARTER', 0, 0, 1, NULL),
(363, 0, 2000, 0, 0, 1, 'PARTER', 0, 0, 1, NULL),
(364, 0, 2000, 0, 0, 1, 'PARTER', 0, 0, 1, NULL),
(365, 0, 2000, 0, 0, 1, 'PARTER', 0, 0, 1, NULL),
(366, 0, 2000, 0, 0, 1, 'PARTER', 0, 0, 1, NULL),
(367, 0, 2000, 0, 0, 1, 'PARTER', 0, 0, 1, NULL),
(368, 0, 2000, 0, 0, 1, 'PARTER', 0, 0, 1, NULL),
(369, 0, 2000, 0, 0, 1, 'PARTER', 0, 0, 1, NULL),
(370, 0, 2000, 0, 0, 1, 'PARTER', 0, 0, 1, NULL),
(371, 0, 2000, 0, 0, 1, 'PARTER', 0, 0, 1, NULL),
(372, 0, 2000, 0, 0, 1, 'PARTER', 0, 0, 1, NULL),
(373, 0, 2000, 0, 0, 1, 'PARTER', 0, 0, 1, NULL),
(374, 0, 2000, 0, 0, 1, 'PARTER', 0, 0, 1, NULL),
(375, 0, 2000, 0, 0, 1, 'PARTER', 0, 0, 1, NULL),
(376, 0, 2000, 0, 0, 1, 'PARTER', 0, 0, 1, NULL),
(377, 0, 2500, 1, 1, 2, 'GRANDSTAND', 0, 0, 1, NULL),
(378, 0, 2500, 2, 1, 2, 'GRANDSTAND', 0, 0, 1, NULL),
(379, 0, 2500, 3, 1, 2, 'GRANDSTAND', 0, 0, 1, NULL),
(380, 0, 2500, 4, 1, 2, 'GRANDSTAND', 0, 0, 1, NULL),
(381, 0, 2500, 5, 1, 2, 'GRANDSTAND', 0, 0, 1, NULL),
(382, 0, 2500, 1, 2, 2, 'GRANDSTAND', 0, 0, 1, NULL),
(383, 0, 2500, 2, 2, 2, 'GRANDSTAND', 0, 0, 1, NULL),
(384, 0, 2500, 3, 2, 2, 'GRANDSTAND', 0, 0, 1, NULL),
(385, 0, 2500, 4, 2, 2, 'GRANDSTAND', 0, 0, 1, NULL),
(386, 0, 2500, 5, 2, 2, 'GRANDSTAND', 0, 0, 1, NULL),
(387, 0, 2500, 1, 3, 2, 'GRANDSTAND', 0, 0, 1, NULL),
(388, 0, 2500, 2, 3, 2, 'GRANDSTAND', 0, 0, 1, NULL),
(389, 0, 2500, 3, 3, 2, 'GRANDSTAND', 0, 0, 1, NULL),
(390, 0, 2500, 4, 3, 2, 'GRANDSTAND', 0, 0, 1, NULL),
(391, 0, 2500, 5, 3, 2, 'GRANDSTAND', 0, 0, 1, NULL),
(392, 0, 2500, 1, 4, 2, 'GRANDSTAND', 0, 0, 1, NULL),
(393, 0, 2500, 2, 4, 2, 'GRANDSTAND', 0, 0, 1, NULL),
(394, 0, 2500, 3, 4, 2, 'GRANDSTAND', 0, 0, 1, NULL),
(395, 0, 2500, 4, 4, 2, 'GRANDSTAND', 0, 0, 1, NULL),
(396, 0, 2500, 5, 4, 2, 'GRANDSTAND', 0, 0, 1, NULL),
(397, 0, 2500, 1, 5, 2, 'GRANDSTAND', 0, 0, 1, NULL),
(398, 0, 2500, 2, 5, 2, 'GRANDSTAND', 0, 0, 1, NULL),
(399, 0, 2500, 3, 5, 2, 'GRANDSTAND', 0, 0, 1, NULL),
(400, 0, 2500, 4, 5, 2, 'GRANDSTAND', 0, 0, 1, NULL),
(401, 0, 2500, 5, 5, 2, 'GRANDSTAND', 0, 0, 1, NULL),
(402, 0, 2500, 1, 6, 2, 'GRANDSTAND', 0, 0, 1, NULL),
(403, 0, 2500, 2, 6, 2, 'GRANDSTAND', 0, 0, 1, NULL),
(404, 0, 2500, 3, 6, 2, 'GRANDSTAND', 0, 0, 1, NULL),
(405, 0, 2500, 4, 6, 2, 'GRANDSTAND', 0, 0, 1, NULL),
(406, 0, 2500, 5, 6, 2, 'GRANDSTAND', 0, 0, 1, NULL),
(407, 0, 2500, 1, 7, 2, 'GRANDSTAND', 0, 0, 1, NULL),
(408, 0, 2500, 2, 7, 2, 'GRANDSTAND', 0, 0, 1, NULL),
(409, 0, 2500, 3, 7, 2, 'GRANDSTAND', 0, 0, 1, NULL),
(410, 0, 2500, 4, 7, 2, 'GRANDSTAND', 0, 0, 1, NULL),
(411, 0, 2500, 5, 7, 2, 'GRANDSTAND', 0, 0, 1, NULL),
(412, 0, 2500, 1, 8, 2, 'GRANDSTAND', 0, 0, 1, NULL),
(413, 0, 2500, 2, 8, 2, 'GRANDSTAND', 0, 0, 1, NULL),
(414, 0, 2500, 3, 8, 2, 'GRANDSTAND', 0, 0, 1, NULL),
(415, 0, 2500, 4, 8, 2, 'GRANDSTAND', 0, 0, 1, NULL),
(416, 0, 2500, 5, 8, 2, 'GRANDSTAND', 0, 0, 1, NULL),
(417, 0, 2500, 1, 9, 2, 'GRANDSTAND', 0, 0, 1, NULL),
(418, 0, 2500, 2, 9, 2, 'GRANDSTAND', 0, 0, 1, NULL),
(419, 0, 2500, 3, 9, 2, 'GRANDSTAND', 0, 0, 1, NULL),
(420, 0, 2500, 4, 9, 2, 'GRANDSTAND', 0, 0, 1, NULL),
(421, 0, 2500, 5, 9, 2, 'GRANDSTAND', 0, 0, 1, NULL),
(422, 0, 2500, 1, 10, 2, 'GRANDSTAND', 0, 0, 1, NULL),
(423, 0, 2500, 2, 10, 2, 'GRANDSTAND', 0, 0, 1, NULL),
(424, 0, 2500, 3, 10, 2, 'GRANDSTAND', 0, 0, 1, NULL),
(425, 0, 2500, 4, 10, 2, 'GRANDSTAND', 0, 0, 1, NULL),
(426, 0, 2500, 5, 10, 2, 'GRANDSTAND', 0, 0, 1, NULL),
(427, 0, 10000, 1, 1, 3, 'GRANDSTAND', 0, 1, 1, NULL),
(428, 0, 10000, 2, 1, 3, 'GRANDSTAND', 0, 1, 1, NULL),
(429, 0, 10000, 3, 1, 3, 'GRANDSTAND', 0, 1, 1, NULL),
(430, 0, 10000, 1, 2, 3, 'GRANDSTAND', 0, 1, 1, NULL),
(431, 0, 10000, 2, 2, 3, 'GRANDSTAND', 0, 1, 1, NULL),
(432, 0, 10000, 3, 2, 3, 'GRANDSTAND', 0, 1, 1, NULL),
(433, 0, 10000, 1, 3, 3, 'GRANDSTAND', 0, 1, 1, NULL),
(434, 0, 10000, 2, 3, 3, 'GRANDSTAND', 0, 1, 1, NULL),
(435, 0, 10000, 3, 3, 3, 'GRANDSTAND', 0, 1, 1, NULL),
(436, 0, 10000, 1, 4, 3, 'GRANDSTAND', 0, 1, 1, NULL),
(437, 0, 10000, 2, 4, 3, 'GRANDSTAND', 0, 1, 1, NULL),
(438, 0, 10000, 3, 4, 3, 'GRANDSTAND', 0, 1, 1, NULL),
(439, 0, 10000, 1, 5, 3, 'GRANDSTAND', 0, 1, 1, NULL),
(440, 0, 10000, 2, 5, 3, 'GRANDSTAND', 0, 1, 1, NULL),
(441, 0, 10000, 3, 5, 3, 'GRANDSTAND', 0, 1, 1, NULL),
(442, 0, 10000, 1, 6, 3, 'GRANDSTAND', 0, 1, 1, NULL),
(443, 0, 10000, 2, 6, 3, 'GRANDSTAND', 0, 1, 1, NULL),
(444, 0, 10000, 3, 6, 3, 'GRANDSTAND', 0, 1, 1, NULL),
(445, 0, 10000, 1, 7, 3, 'GRANDSTAND', 0, 1, 1, NULL),
(446, 0, 10000, 2, 7, 3, 'GRANDSTAND', 0, 1, 1, NULL),
(447, 0, 10000, 3, 7, 3, 'GRANDSTAND', 0, 1, 1, NULL),
(448, 0, 10000, 1, 8, 3, 'GRANDSTAND', 0, 1, 1, NULL),
(449, 0, 10000, 2, 8, 3, 'GRANDSTAND', 0, 1, 1, NULL),
(450, 0, 10000, 3, 8, 3, 'GRANDSTAND', 0, 1, 1, NULL),
(451, 0, 10000, 1, 9, 3, 'GRANDSTAND', 0, 1, 1, NULL),
(452, 0, 10000, 2, 9, 3, 'GRANDSTAND', 0, 1, 1, NULL),
(453, 0, 10000, 3, 9, 3, 'GRANDSTAND', 0, 1, 1, NULL),
(454, 0, 10000, 1, 10, 3, 'GRANDSTAND', 0, 1, 1, NULL),
(455, 0, 10000, 2, 10, 3, 'GRANDSTAND', 0, 1, 1, NULL),
(456, 0, 10000, 3, 10, 3, 'GRANDSTAND', 0, 1, 1, NULL),
(457, 0, 2000, 0, 0, 1, 'PARTER', 0, 0, 2, NULL),
(458, 0, 2000, 0, 0, 1, 'PARTER', 0, 0, 2, NULL),
(459, 0, 2000, 0, 0, 1, 'PARTER', 0, 0, 2, NULL),
(460, 0, 2000, 0, 0, 1, 'PARTER', 0, 0, 2, NULL),
(461, 0, 2000, 0, 0, 1, 'PARTER', 0, 0, 2, NULL),
(462, 0, 2000, 0, 0, 1, 'PARTER', 0, 0, 2, NULL),
(463, 0, 2000, 0, 0, 1, 'PARTER', 0, 0, 2, NULL),
(464, 0, 2000, 0, 0, 1, 'PARTER', 0, 0, 2, NULL),
(465, 0, 2000, 0, 0, 1, 'PARTER', 0, 0, 2, NULL),
(466, 0, 2000, 0, 0, 1, 'PARTER', 0, 0, 2, NULL),
(467, 0, 2000, 0, 0, 1, 'PARTER', 0, 0, 2, NULL),
(468, 0, 2000, 0, 0, 1, 'PARTER', 0, 0, 2, NULL),
(469, 0, 2000, 0, 0, 1, 'PARTER', 0, 0, 2, NULL),
(470, 0, 2000, 0, 0, 1, 'PARTER', 0, 0, 2, NULL),
(471, 0, 2000, 0, 0, 1, 'PARTER', 0, 0, 2, NULL),
(472, 0, 2000, 0, 0, 1, 'PARTER', 0, 0, 2, NULL),
(473, 0, 2000, 0, 0, 1, 'PARTER', 0, 0, 2, NULL),
(474, 0, 2000, 0, 0, 1, 'PARTER', 0, 0, 2, NULL),
(475, 0, 2000, 0, 0, 1, 'PARTER', 0, 0, 2, NULL),
(476, 0, 2000, 0, 0, 1, 'PARTER', 0, 0, 2, NULL),
(477, 0, 2000, 0, 0, 1, 'PARTER', 0, 0, 2, NULL),
(478, 0, 2000, 0, 0, 1, 'PARTER', 0, 0, 2, NULL),
(479, 0, 2000, 0, 0, 1, 'PARTER', 0, 0, 2, NULL),
(480, 0, 2000, 0, 0, 1, 'PARTER', 0, 0, 2, NULL),
(481, 0, 2000, 0, 0, 1, 'PARTER', 0, 0, 2, NULL),
(482, 0, 2000, 0, 0, 1, 'PARTER', 0, 0, 2, NULL),
(483, 0, 2000, 0, 0, 1, 'PARTER', 0, 0, 2, NULL),
(484, 0, 2000, 0, 0, 1, 'PARTER', 0, 0, 2, NULL),
(485, 0, 2000, 0, 0, 1, 'PARTER', 0, 0, 2, NULL),
(486, 0, 2000, 0, 0, 1, 'PARTER', 0, 0, 2, NULL),
(487, 0, 2000, 0, 0, 1, 'PARTER', 0, 0, 2, NULL),
(488, 0, 2000, 0, 0, 1, 'PARTER', 0, 0, 2, NULL),
(489, 0, 2000, 0, 0, 1, 'PARTER', 0, 0, 2, NULL),
(490, 0, 2000, 0, 0, 1, 'PARTER', 0, 0, 2, NULL),
(491, 0, 2000, 0, 0, 1, 'PARTER', 0, 0, 2, NULL),
(492, 0, 2000, 0, 0, 1, 'PARTER', 0, 0, 2, NULL),
(493, 0, 2000, 0, 0, 1, 'PARTER', 0, 0, 2, NULL),
(494, 0, 2000, 0, 0, 1, 'PARTER', 0, 0, 2, NULL),
(495, 0, 2000, 0, 0, 1, 'PARTER', 0, 0, 2, NULL),
(496, 0, 2000, 0, 0, 1, 'PARTER', 0, 0, 2, NULL),
(497, 0, 2000, 0, 0, 1, 'PARTER', 0, 0, 2, NULL),
(498, 0, 2000, 0, 0, 1, 'PARTER', 0, 0, 2, NULL),
(499, 0, 2000, 0, 0, 1, 'PARTER', 0, 0, 2, NULL),
(500, 0, 2000, 0, 0, 1, 'PARTER', 0, 0, 2, NULL),
(501, 0, 2000, 0, 0, 1, 'PARTER', 0, 0, 2, NULL),
(502, 0, 2000, 0, 0, 1, 'PARTER', 0, 0, 2, NULL),
(503, 0, 2000, 0, 0, 1, 'PARTER', 0, 0, 2, NULL),
(504, 0, 2000, 0, 0, 1, 'PARTER', 0, 0, 2, NULL),
(505, 0, 2000, 0, 0, 1, 'PARTER', 0, 0, 2, NULL),
(506, 0, 2000, 0, 0, 1, 'PARTER', 0, 0, 2, NULL),
(507, 0, 2000, 0, 0, 1, 'PARTER', 0, 0, 2, NULL),
(508, 0, 2000, 0, 0, 1, 'PARTER', 0, 0, 2, NULL),
(509, 0, 2000, 0, 0, 1, 'PARTER', 0, 0, 2, NULL),
(510, 0, 2000, 0, 0, 1, 'PARTER', 0, 0, 2, NULL),
(511, 0, 2000, 0, 0, 1, 'PARTER', 0, 0, 2, NULL),
(512, 0, 2000, 0, 0, 1, 'PARTER', 0, 0, 2, NULL),
(513, 0, 2000, 0, 0, 1, 'PARTER', 0, 0, 2, NULL),
(514, 0, 2000, 0, 0, 1, 'PARTER', 0, 0, 2, NULL),
(515, 0, 2000, 0, 0, 1, 'PARTER', 0, 0, 2, NULL),
(516, 0, 2000, 0, 0, 1, 'PARTER', 0, 0, 2, NULL),
(517, 0, 2000, 0, 0, 1, 'PARTER', 0, 0, 2, NULL),
(518, 0, 2000, 0, 0, 1, 'PARTER', 0, 0, 2, NULL),
(519, 0, 2000, 0, 0, 1, 'PARTER', 0, 0, 2, NULL),
(520, 0, 2000, 0, 0, 1, 'PARTER', 0, 0, 2, NULL),
(521, 0, 2000, 0, 0, 1, 'PARTER', 0, 0, 2, NULL),
(522, 0, 2000, 0, 0, 1, 'PARTER', 0, 0, 2, NULL),
(523, 0, 2000, 0, 0, 1, 'PARTER', 0, 0, 2, NULL),
(524, 0, 2000, 0, 0, 1, 'PARTER', 0, 0, 2, NULL),
(525, 0, 2000, 0, 0, 1, 'PARTER', 0, 0, 2, NULL),
(526, 0, 2000, 0, 0, 1, 'PARTER', 0, 0, 2, NULL),
(527, 0, 2000, 0, 0, 1, 'PARTER', 0, 0, 2, NULL),
(528, 0, 2000, 0, 0, 1, 'PARTER', 0, 0, 2, NULL),
(529, 0, 2000, 0, 0, 1, 'PARTER', 0, 0, 2, NULL),
(530, 0, 2000, 0, 0, 1, 'PARTER', 0, 0, 2, NULL),
(531, 0, 2000, 0, 0, 1, 'PARTER', 0, 0, 2, NULL),
(532, 0, 2000, 0, 0, 1, 'PARTER', 0, 0, 2, NULL),
(533, 0, 2000, 0, 0, 1, 'PARTER', 0, 0, 2, NULL),
(534, 0, 2000, 0, 0, 1, 'PARTER', 0, 0, 2, NULL),
(535, 0, 2000, 0, 0, 1, 'PARTER', 0, 0, 2, NULL),
(536, 0, 2000, 0, 0, 1, 'PARTER', 0, 0, 2, NULL),
(537, 0, 2000, 0, 0, 1, 'PARTER', 0, 0, 2, NULL),
(538, 0, 2000, 0, 0, 1, 'PARTER', 0, 0, 2, NULL),
(539, 0, 2000, 0, 0, 1, 'PARTER', 0, 0, 2, NULL),
(540, 0, 2000, 0, 0, 1, 'PARTER', 0, 0, 2, NULL),
(541, 0, 2000, 0, 0, 1, 'PARTER', 0, 0, 2, NULL),
(542, 0, 2000, 0, 0, 1, 'PARTER', 0, 0, 2, NULL),
(543, 0, 2000, 0, 0, 1, 'PARTER', 0, 0, 2, NULL),
(544, 0, 2000, 0, 0, 1, 'PARTER', 0, 0, 2, NULL),
(545, 0, 2000, 0, 0, 1, 'PARTER', 0, 0, 2, NULL),
(546, 0, 2000, 0, 0, 1, 'PARTER', 0, 0, 2, NULL),
(547, 0, 2000, 0, 0, 1, 'PARTER', 0, 0, 2, NULL),
(548, 0, 2000, 0, 0, 1, 'PARTER', 0, 0, 2, NULL),
(549, 0, 2000, 0, 0, 1, 'PARTER', 0, 0, 2, NULL),
(550, 0, 2000, 0, 0, 1, 'PARTER', 0, 0, 2, NULL),
(551, 0, 2000, 0, 0, 1, 'PARTER', 0, 0, 2, NULL),
(552, 0, 2000, 0, 0, 1, 'PARTER', 0, 0, 2, NULL),
(553, 0, 2000, 0, 0, 1, 'PARTER', 0, 0, 2, NULL),
(554, 0, 2000, 0, 0, 1, 'PARTER', 0, 0, 2, NULL),
(555, 0, 2000, 0, 0, 1, 'PARTER', 0, 0, 2, NULL),
(556, 0, 2000, 0, 0, 1, 'PARTER', 0, 0, 2, NULL),
(557, 0, 2000, 0, 0, 1, 'PARTER', 0, 0, 2, NULL),
(558, 0, 2000, 0, 0, 1, 'PARTER', 0, 0, 2, NULL),
(559, 0, 2000, 0, 0, 1, 'PARTER', 0, 0, 2, NULL),
(560, 0, 2000, 0, 0, 1, 'PARTER', 0, 0, 2, NULL),
(561, 0, 2000, 0, 0, 1, 'PARTER', 0, 0, 2, NULL),
(562, 0, 2000, 0, 0, 1, 'PARTER', 0, 0, 2, NULL),
(563, 0, 2000, 0, 0, 1, 'PARTER', 0, 0, 2, NULL),
(564, 0, 2000, 0, 0, 1, 'PARTER', 0, 0, 2, NULL),
(565, 0, 2000, 0, 0, 1, 'PARTER', 0, 0, 2, NULL),
(566, 0, 2000, 0, 0, 1, 'PARTER', 0, 0, 2, NULL),
(567, 0, 2000, 0, 0, 1, 'PARTER', 0, 0, 2, NULL),
(568, 0, 2000, 0, 0, 1, 'PARTER', 0, 0, 2, NULL),
(569, 0, 2000, 0, 0, 1, 'PARTER', 0, 0, 2, NULL),
(570, 0, 2000, 0, 0, 1, 'PARTER', 0, 0, 2, NULL),
(571, 0, 2000, 0, 0, 1, 'PARTER', 0, 0, 2, NULL),
(572, 0, 2000, 0, 0, 1, 'PARTER', 0, 0, 2, NULL),
(573, 0, 2000, 0, 0, 1, 'PARTER', 0, 0, 2, NULL),
(574, 0, 2000, 0, 0, 1, 'PARTER', 0, 0, 2, NULL),
(575, 0, 2000, 0, 0, 1, 'PARTER', 0, 0, 2, NULL),
(576, 0, 2000, 0, 0, 1, 'PARTER', 0, 0, 2, NULL),
(577, 0, 2000, 0, 0, 1, 'PARTER', 0, 0, 2, NULL),
(578, 0, 2000, 0, 0, 1, 'PARTER', 0, 0, 2, NULL),
(579, 0, 2000, 0, 0, 1, 'PARTER', 0, 0, 2, NULL),
(580, 0, 2000, 0, 0, 1, 'PARTER', 0, 0, 2, NULL),
(581, 0, 2000, 0, 0, 1, 'PARTER', 0, 0, 2, NULL),
(582, 0, 2000, 0, 0, 1, 'PARTER', 0, 0, 2, NULL),
(583, 0, 2000, 0, 0, 1, 'PARTER', 0, 0, 2, NULL),
(584, 0, 2000, 0, 0, 1, 'PARTER', 0, 0, 2, NULL),
(585, 0, 2000, 0, 0, 1, 'PARTER', 0, 0, 2, NULL),
(586, 0, 2000, 0, 0, 1, 'PARTER', 0, 0, 2, NULL),
(587, 0, 2000, 0, 0, 1, 'PARTER', 0, 0, 2, NULL),
(588, 0, 2000, 0, 0, 1, 'PARTER', 0, 0, 2, NULL),
(589, 0, 2000, 0, 0, 1, 'PARTER', 0, 0, 2, NULL),
(590, 0, 2000, 0, 0, 1, 'PARTER', 0, 0, 2, NULL),
(591, 0, 2000, 0, 0, 1, 'PARTER', 0, 0, 2, NULL),
(592, 0, 2000, 0, 0, 1, 'PARTER', 0, 0, 2, NULL),
(593, 0, 2000, 0, 0, 1, 'PARTER', 0, 0, 2, NULL),
(594, 0, 2000, 0, 0, 1, 'PARTER', 0, 0, 2, NULL),
(595, 0, 2000, 0, 0, 1, 'PARTER', 0, 0, 2, NULL),
(596, 0, 2000, 0, 0, 1, 'PARTER', 0, 0, 2, NULL),
(597, 0, 2000, 0, 0, 1, 'PARTER', 0, 0, 2, NULL),
(598, 0, 2000, 0, 0, 1, 'PARTER', 0, 0, 2, NULL),
(599, 0, 2000, 0, 0, 1, 'PARTER', 0, 0, 2, NULL),
(600, 0, 2000, 0, 0, 1, 'PARTER', 0, 0, 2, NULL),
(601, 0, 2000, 0, 0, 1, 'PARTER', 0, 0, 2, NULL),
(602, 0, 2000, 0, 0, 1, 'PARTER', 0, 0, 2, NULL),
(603, 0, 2000, 0, 0, 1, 'PARTER', 0, 0, 2, NULL),
(604, 0, 2000, 0, 0, 1, 'PARTER', 0, 0, 2, NULL),
(605, 0, 2000, 0, 0, 1, 'PARTER', 0, 0, 2, NULL),
(606, 0, 2000, 0, 0, 1, 'PARTER', 0, 0, 2, NULL),
(607, 0, 2000, 0, 0, 1, 'PARTER', 0, 0, 2, NULL),
(608, 0, 2000, 0, 0, 1, 'PARTER', 0, 0, 2, NULL),
(609, 0, 2000, 0, 0, 1, 'PARTER', 0, 0, 2, NULL),
(610, 0, 2000, 0, 0, 1, 'PARTER', 0, 0, 2, NULL),
(611, 0, 2000, 0, 0, 1, 'PARTER', 0, 0, 2, NULL),
(612, 0, 2000, 0, 0, 1, 'PARTER', 0, 0, 2, NULL),
(613, 0, 2000, 0, 0, 1, 'PARTER', 0, 0, 2, NULL),
(614, 0, 2000, 0, 0, 1, 'PARTER', 0, 0, 2, NULL),
(615, 0, 2000, 0, 0, 1, 'PARTER', 0, 0, 2, NULL),
(616, 0, 2000, 0, 0, 1, 'PARTER', 0, 0, 2, NULL),
(617, 0, 2000, 0, 0, 1, 'PARTER', 0, 0, 2, NULL),
(618, 0, 2000, 0, 0, 1, 'PARTER', 0, 0, 2, NULL),
(619, 0, 2000, 0, 0, 1, 'PARTER', 0, 0, 2, NULL),
(620, 0, 2000, 0, 0, 1, 'PARTER', 0, 0, 2, NULL),
(621, 0, 2000, 0, 0, 1, 'PARTER', 0, 0, 2, NULL),
(622, 0, 2000, 0, 0, 1, 'PARTER', 0, 0, 2, NULL),
(623, 0, 2000, 0, 0, 1, 'PARTER', 0, 0, 2, NULL),
(624, 0, 2000, 0, 0, 1, 'PARTER', 0, 0, 2, NULL),
(625, 0, 2000, 0, 0, 1, 'PARTER', 0, 0, 2, NULL),
(626, 0, 2000, 0, 0, 1, 'PARTER', 0, 0, 2, NULL),
(627, 0, 2000, 0, 0, 1, 'PARTER', 0, 0, 2, NULL),
(628, 0, 2000, 0, 0, 1, 'PARTER', 0, 0, 2, NULL),
(629, 0, 2000, 0, 0, 1, 'PARTER', 0, 0, 2, NULL),
(630, 0, 2000, 0, 0, 1, 'PARTER', 0, 0, 2, NULL),
(631, 0, 2000, 0, 0, 1, 'PARTER', 0, 0, 2, NULL),
(632, 0, 2000, 0, 0, 1, 'PARTER', 0, 0, 2, NULL),
(633, 0, 2000, 0, 0, 1, 'PARTER', 0, 0, 2, NULL),
(634, 0, 2000, 0, 0, 1, 'PARTER', 0, 0, 2, NULL),
(635, 0, 2000, 0, 0, 1, 'PARTER', 0, 0, 2, NULL),
(636, 0, 2000, 0, 0, 1, 'PARTER', 0, 0, 2, NULL),
(637, 0, 2000, 0, 0, 1, 'PARTER', 0, 0, 2, NULL),
(638, 0, 2000, 0, 0, 1, 'PARTER', 0, 0, 2, NULL),
(639, 0, 2000, 0, 0, 1, 'PARTER', 0, 0, 2, NULL),
(640, 0, 2000, 0, 0, 1, 'PARTER', 0, 0, 2, NULL),
(641, 0, 2000, 0, 0, 1, 'PARTER', 0, 0, 2, NULL),
(642, 0, 2000, 0, 0, 1, 'PARTER', 0, 0, 2, NULL),
(643, 0, 2000, 0, 0, 1, 'PARTER', 0, 0, 2, NULL),
(644, 0, 2000, 0, 0, 1, 'PARTER', 0, 0, 2, NULL),
(645, 0, 2000, 0, 0, 1, 'PARTER', 0, 0, 2, NULL),
(646, 0, 2000, 0, 0, 1, 'PARTER', 0, 0, 2, NULL),
(647, 0, 2000, 0, 0, 1, 'PARTER', 0, 0, 2, NULL),
(648, 0, 2000, 0, 0, 1, 'PARTER', 0, 0, 2, NULL),
(649, 0, 2000, 0, 0, 1, 'PARTER', 0, 0, 2, NULL),
(650, 0, 2000, 0, 0, 1, 'PARTER', 0, 0, 2, NULL),
(651, 0, 2000, 0, 0, 1, 'PARTER', 0, 0, 2, NULL),
(652, 0, 2000, 0, 0, 1, 'PARTER', 0, 0, 2, NULL),
(653, 0, 2000, 0, 0, 1, 'PARTER', 0, 0, 2, NULL),
(654, 0, 2000, 0, 0, 1, 'PARTER', 0, 0, 2, NULL),
(655, 0, 2000, 0, 0, 1, 'PARTER', 0, 0, 2, NULL),
(656, 0, 2000, 0, 0, 1, 'PARTER', 0, 0, 2, NULL),
(657, 0, 3000, 1, 1, 2, 'GRANDSTAND', 0, 0, 2, NULL),
(658, 0, 3000, 2, 1, 2, 'GRANDSTAND', 0, 0, 2, NULL),
(659, 0, 3000, 3, 1, 2, 'GRANDSTAND', 0, 0, 2, NULL),
(660, 0, 3000, 4, 1, 2, 'GRANDSTAND', 0, 0, 2, NULL),
(661, 0, 3000, 5, 1, 2, 'GRANDSTAND', 0, 0, 2, NULL),
(662, 0, 3000, 1, 2, 2, 'GRANDSTAND', 0, 0, 2, NULL),
(663, 0, 3000, 2, 2, 2, 'GRANDSTAND', 0, 0, 2, NULL),
(664, 0, 3000, 3, 2, 2, 'GRANDSTAND', 0, 0, 2, NULL),
(665, 0, 3000, 4, 2, 2, 'GRANDSTAND', 0, 0, 2, NULL),
(666, 0, 3000, 5, 2, 2, 'GRANDSTAND', 0, 0, 2, NULL),
(667, 0, 3000, 1, 3, 2, 'GRANDSTAND', 0, 0, 2, NULL),
(668, 0, 3000, 2, 3, 2, 'GRANDSTAND', 0, 0, 2, NULL),
(669, 0, 3000, 3, 3, 2, 'GRANDSTAND', 0, 0, 2, NULL),
(670, 0, 3000, 4, 3, 2, 'GRANDSTAND', 0, 0, 2, NULL),
(671, 0, 3000, 5, 3, 2, 'GRANDSTAND', 0, 0, 2, NULL),
(672, 0, 3000, 1, 4, 2, 'GRANDSTAND', 0, 0, 2, NULL),
(673, 0, 3000, 2, 4, 2, 'GRANDSTAND', 0, 0, 2, NULL),
(674, 0, 3000, 3, 4, 2, 'GRANDSTAND', 0, 0, 2, NULL),
(675, 0, 3000, 4, 4, 2, 'GRANDSTAND', 0, 0, 2, NULL),
(676, 0, 3000, 5, 4, 2, 'GRANDSTAND', 0, 0, 2, NULL),
(677, 0, 3000, 1, 5, 2, 'GRANDSTAND', 0, 0, 2, NULL),
(678, 0, 3000, 2, 5, 2, 'GRANDSTAND', 0, 0, 2, NULL),
(679, 0, 3000, 3, 5, 2, 'GRANDSTAND', 0, 0, 2, NULL),
(680, 0, 3000, 4, 5, 2, 'GRANDSTAND', 0, 0, 2, NULL),
(681, 0, 3000, 5, 5, 2, 'GRANDSTAND', 0, 0, 2, NULL),
(682, 0, 3000, 1, 6, 2, 'GRANDSTAND', 0, 0, 2, NULL),
(683, 0, 3000, 2, 6, 2, 'GRANDSTAND', 0, 0, 2, NULL),
(684, 0, 3000, 3, 6, 2, 'GRANDSTAND', 0, 0, 2, NULL),
(685, 0, 3000, 4, 6, 2, 'GRANDSTAND', 0, 0, 2, NULL),
(686, 0, 3000, 5, 6, 2, 'GRANDSTAND', 0, 0, 2, NULL),
(687, 0, 3000, 1, 7, 2, 'GRANDSTAND', 0, 0, 2, NULL),
(688, 0, 3000, 2, 7, 2, 'GRANDSTAND', 0, 0, 2, NULL),
(689, 0, 3000, 3, 7, 2, 'GRANDSTAND', 0, 0, 2, NULL),
(690, 0, 3000, 4, 7, 2, 'GRANDSTAND', 0, 0, 2, NULL),
(691, 0, 3000, 5, 7, 2, 'GRANDSTAND', 0, 0, 2, NULL),
(692, 0, 3000, 1, 8, 2, 'GRANDSTAND', 0, 0, 2, NULL),
(693, 0, 3000, 2, 8, 2, 'GRANDSTAND', 0, 0, 2, NULL),
(694, 0, 3000, 3, 8, 2, 'GRANDSTAND', 0, 0, 2, NULL),
(695, 0, 3000, 4, 8, 2, 'GRANDSTAND', 0, 0, 2, NULL),
(696, 0, 3000, 5, 8, 2, 'GRANDSTAND', 0, 0, 2, NULL),
(697, 0, 3000, 1, 9, 2, 'GRANDSTAND', 0, 0, 2, NULL),
(698, 0, 3000, 2, 9, 2, 'GRANDSTAND', 0, 0, 2, NULL),
(699, 0, 3000, 3, 9, 2, 'GRANDSTAND', 0, 0, 2, NULL),
(700, 0, 3000, 4, 9, 2, 'GRANDSTAND', 0, 0, 2, NULL),
(701, 0, 3000, 5, 9, 2, 'GRANDSTAND', 0, 0, 2, NULL),
(702, 0, 3000, 1, 10, 2, 'GRANDSTAND', 0, 0, 2, NULL),
(703, 0, 3000, 2, 10, 2, 'GRANDSTAND', 0, 0, 2, NULL),
(704, 0, 3000, 3, 10, 2, 'GRANDSTAND', 0, 0, 2, NULL),
(705, 0, 3000, 4, 10, 2, 'GRANDSTAND', 0, 0, 2, NULL),
(706, 0, 3000, 5, 10, 2, 'GRANDSTAND', 0, 0, 2, NULL),
(707, 0, 10000, 1, 1, 3, 'GRANDSTAND', 0, 1, 2, NULL),
(708, 0, 10000, 2, 1, 3, 'GRANDSTAND', 0, 1, 2, NULL),
(709, 0, 10000, 3, 1, 3, 'GRANDSTAND', 0, 1, 2, NULL),
(710, 0, 10000, 1, 2, 3, 'GRANDSTAND', 0, 1, 2, NULL),
(711, 0, 10000, 2, 2, 3, 'GRANDSTAND', 0, 1, 2, NULL),
(712, 0, 10000, 3, 2, 3, 'GRANDSTAND', 0, 1, 2, NULL),
(713, 0, 10000, 1, 3, 3, 'GRANDSTAND', 0, 1, 2, NULL),
(714, 0, 10000, 2, 3, 3, 'GRANDSTAND', 0, 1, 2, NULL),
(715, 0, 10000, 3, 3, 3, 'GRANDSTAND', 0, 1, 2, NULL),
(716, 0, 10000, 1, 4, 3, 'GRANDSTAND', 0, 1, 2, NULL),
(717, 0, 10000, 2, 4, 3, 'GRANDSTAND', 0, 1, 2, NULL),
(718, 0, 10000, 3, 4, 3, 'GRANDSTAND', 0, 1, 2, NULL),
(719, 0, 10000, 1, 5, 3, 'GRANDSTAND', 0, 1, 2, NULL),
(720, 0, 10000, 2, 5, 3, 'GRANDSTAND', 0, 1, 2, NULL),
(721, 0, 10000, 3, 5, 3, 'GRANDSTAND', 0, 1, 2, NULL),
(722, 0, 10000, 1, 6, 3, 'GRANDSTAND', 0, 1, 2, NULL),
(723, 0, 10000, 2, 6, 3, 'GRANDSTAND', 0, 1, 2, NULL),
(724, 0, 10000, 3, 6, 3, 'GRANDSTAND', 0, 1, 2, NULL),
(725, 0, 10000, 1, 7, 3, 'GRANDSTAND', 0, 1, 2, NULL),
(726, 0, 10000, 2, 7, 3, 'GRANDSTAND', 0, 1, 2, NULL),
(727, 0, 10000, 3, 7, 3, 'GRANDSTAND', 0, 1, 2, NULL),
(728, 0, 10000, 1, 8, 3, 'GRANDSTAND', 0, 1, 2, NULL),
(729, 0, 10000, 2, 8, 3, 'GRANDSTAND', 0, 1, 2, NULL),
(730, 0, 10000, 3, 8, 3, 'GRANDSTAND', 0, 1, 2, NULL),
(731, 0, 10000, 1, 9, 3, 'GRANDSTAND', 0, 1, 2, NULL),
(732, 0, 10000, 2, 9, 3, 'GRANDSTAND', 0, 1, 2, NULL),
(733, 0, 10000, 3, 9, 3, 'GRANDSTAND', 0, 1, 2, NULL),
(734, 0, 10000, 1, 10, 3, 'GRANDSTAND', 0, 1, 2, NULL),
(735, 0, 10000, 2, 10, 3, 'GRANDSTAND', 0, 1, 2, NULL),
(736, 0, 10000, 3, 10, 3, 'GRANDSTAND', 0, 1, 2, NULL),
(737, 0, 3000, 0, 0, 1, 'PARTER', 0, 0, 3, NULL),
(738, 0, 3000, 0, 0, 1, 'PARTER', 0, 0, 3, NULL),
(739, 0, 3000, 0, 0, 1, 'PARTER', 0, 0, 3, NULL),
(740, 0, 3000, 0, 0, 1, 'PARTER', 0, 0, 3, NULL),
(741, 0, 3000, 0, 0, 1, 'PARTER', 0, 0, 3, NULL),
(742, 0, 3000, 0, 0, 1, 'PARTER', 0, 0, 3, NULL),
(743, 0, 3000, 0, 0, 1, 'PARTER', 0, 0, 3, NULL),
(744, 0, 3000, 0, 0, 1, 'PARTER', 0, 0, 3, NULL),
(745, 0, 3000, 0, 0, 1, 'PARTER', 0, 0, 3, NULL),
(746, 0, 3000, 0, 0, 1, 'PARTER', 0, 0, 3, NULL),
(747, 0, 3000, 0, 0, 1, 'PARTER', 0, 0, 3, NULL),
(748, 0, 3000, 0, 0, 1, 'PARTER', 0, 0, 3, NULL),
(749, 0, 3000, 0, 0, 1, 'PARTER', 0, 0, 3, NULL),
(750, 0, 3000, 0, 0, 1, 'PARTER', 0, 0, 3, NULL),
(751, 0, 3000, 0, 0, 1, 'PARTER', 0, 0, 3, NULL),
(752, 0, 3000, 0, 0, 1, 'PARTER', 0, 0, 3, NULL),
(753, 0, 3000, 0, 0, 1, 'PARTER', 0, 0, 3, NULL),
(754, 0, 3000, 0, 0, 1, 'PARTER', 0, 0, 3, NULL),
(755, 0, 3000, 0, 0, 1, 'PARTER', 0, 0, 3, NULL),
(756, 0, 3000, 0, 0, 1, 'PARTER', 0, 0, 3, NULL),
(757, 0, 3000, 0, 0, 1, 'PARTER', 0, 0, 3, NULL),
(758, 0, 3000, 0, 0, 1, 'PARTER', 0, 0, 3, NULL),
(759, 0, 3000, 0, 0, 1, 'PARTER', 0, 0, 3, NULL),
(760, 0, 3000, 0, 0, 1, 'PARTER', 0, 0, 3, NULL),
(761, 0, 3000, 0, 0, 1, 'PARTER', 0, 0, 3, NULL),
(762, 0, 3000, 0, 0, 1, 'PARTER', 0, 0, 3, NULL),
(763, 0, 3000, 0, 0, 1, 'PARTER', 0, 0, 3, NULL),
(764, 0, 3000, 0, 0, 1, 'PARTER', 0, 0, 3, NULL),
(765, 0, 3000, 0, 0, 1, 'PARTER', 0, 0, 3, NULL),
(766, 0, 3000, 0, 0, 1, 'PARTER', 0, 0, 3, NULL),
(767, 0, 3000, 0, 0, 1, 'PARTER', 0, 0, 3, NULL),
(768, 0, 3000, 0, 0, 1, 'PARTER', 0, 0, 3, NULL),
(769, 0, 3000, 0, 0, 1, 'PARTER', 0, 0, 3, NULL),
(770, 0, 3000, 0, 0, 1, 'PARTER', 0, 0, 3, NULL),
(771, 0, 3000, 0, 0, 1, 'PARTER', 0, 0, 3, NULL),
(772, 0, 3000, 0, 0, 1, 'PARTER', 0, 0, 3, NULL),
(773, 0, 3000, 0, 0, 1, 'PARTER', 0, 0, 3, NULL),
(774, 0, 3000, 0, 0, 1, 'PARTER', 0, 0, 3, NULL),
(775, 0, 3000, 0, 0, 1, 'PARTER', 0, 0, 3, NULL),
(776, 0, 3000, 0, 0, 1, 'PARTER', 0, 0, 3, NULL),
(777, 0, 3000, 0, 0, 1, 'PARTER', 0, 0, 3, NULL),
(778, 0, 3000, 0, 0, 1, 'PARTER', 0, 0, 3, NULL),
(779, 0, 3000, 0, 0, 1, 'PARTER', 0, 0, 3, NULL),
(780, 0, 3000, 0, 0, 1, 'PARTER', 0, 0, 3, NULL),
(781, 0, 3000, 0, 0, 1, 'PARTER', 0, 0, 3, NULL),
(782, 0, 3000, 0, 0, 1, 'PARTER', 0, 0, 3, NULL),
(783, 0, 3000, 0, 0, 1, 'PARTER', 0, 0, 3, NULL),
(784, 0, 3000, 0, 0, 1, 'PARTER', 0, 0, 3, NULL),
(785, 0, 3000, 0, 0, 1, 'PARTER', 0, 0, 3, NULL),
(786, 0, 3000, 0, 0, 1, 'PARTER', 0, 0, 3, NULL),
(787, 0, 3000, 0, 0, 1, 'PARTER', 0, 0, 3, NULL),
(788, 0, 3000, 0, 0, 1, 'PARTER', 0, 0, 3, NULL),
(789, 0, 3000, 0, 0, 1, 'PARTER', 0, 0, 3, NULL),
(790, 0, 3000, 0, 0, 1, 'PARTER', 0, 0, 3, NULL),
(791, 0, 3000, 0, 0, 1, 'PARTER', 0, 0, 3, NULL),
(792, 0, 3000, 0, 0, 1, 'PARTER', 0, 0, 3, NULL),
(793, 0, 3000, 0, 0, 1, 'PARTER', 0, 0, 3, NULL),
(794, 0, 3000, 0, 0, 1, 'PARTER', 0, 0, 3, NULL),
(795, 0, 3000, 0, 0, 1, 'PARTER', 0, 0, 3, NULL),
(796, 0, 3000, 0, 0, 1, 'PARTER', 0, 0, 3, NULL),
(797, 0, 3000, 0, 0, 1, 'PARTER', 0, 0, 3, NULL),
(798, 0, 3000, 0, 0, 1, 'PARTER', 0, 0, 3, NULL),
(799, 0, 3000, 0, 0, 1, 'PARTER', 0, 0, 3, NULL),
(800, 0, 3000, 0, 0, 1, 'PARTER', 0, 0, 3, NULL),
(801, 0, 3000, 0, 0, 1, 'PARTER', 0, 0, 3, NULL),
(802, 0, 3000, 0, 0, 1, 'PARTER', 0, 0, 3, NULL),
(803, 0, 3000, 0, 0, 1, 'PARTER', 0, 0, 3, NULL),
(804, 0, 3000, 0, 0, 1, 'PARTER', 0, 0, 3, NULL),
(805, 0, 3000, 0, 0, 1, 'PARTER', 0, 0, 3, NULL),
(806, 0, 3000, 0, 0, 1, 'PARTER', 0, 0, 3, NULL),
(807, 0, 3000, 0, 0, 1, 'PARTER', 0, 0, 3, NULL),
(808, 0, 3000, 0, 0, 1, 'PARTER', 0, 0, 3, NULL),
(809, 0, 3000, 0, 0, 1, 'PARTER', 0, 0, 3, NULL),
(810, 0, 3000, 0, 0, 1, 'PARTER', 0, 0, 3, NULL),
(811, 0, 3000, 0, 0, 1, 'PARTER', 0, 0, 3, NULL),
(812, 0, 3000, 0, 0, 1, 'PARTER', 0, 0, 3, NULL),
(813, 0, 3000, 0, 0, 1, 'PARTER', 0, 0, 3, NULL),
(814, 0, 3000, 0, 0, 1, 'PARTER', 0, 0, 3, NULL),
(815, 0, 3000, 0, 0, 1, 'PARTER', 0, 0, 3, NULL),
(816, 0, 3000, 0, 0, 1, 'PARTER', 0, 0, 3, NULL),
(817, 0, 3000, 0, 0, 1, 'PARTER', 0, 0, 3, NULL),
(818, 0, 3000, 0, 0, 1, 'PARTER', 0, 0, 3, NULL),
(819, 0, 3000, 0, 0, 1, 'PARTER', 0, 0, 3, NULL),
(820, 0, 3000, 0, 0, 1, 'PARTER', 0, 0, 3, NULL),
(821, 0, 3000, 0, 0, 1, 'PARTER', 0, 0, 3, NULL),
(822, 0, 3000, 0, 0, 1, 'PARTER', 0, 0, 3, NULL),
(823, 0, 3000, 0, 0, 1, 'PARTER', 0, 0, 3, NULL),
(824, 0, 3000, 0, 0, 1, 'PARTER', 0, 0, 3, NULL),
(825, 0, 3000, 0, 0, 1, 'PARTER', 0, 0, 3, NULL),
(826, 0, 3000, 0, 0, 1, 'PARTER', 0, 0, 3, NULL),
(827, 0, 3000, 0, 0, 1, 'PARTER', 0, 0, 3, NULL),
(828, 0, 3000, 0, 0, 1, 'PARTER', 0, 0, 3, NULL),
(829, 0, 3000, 0, 0, 1, 'PARTER', 0, 0, 3, NULL),
(830, 0, 3000, 0, 0, 1, 'PARTER', 0, 0, 3, NULL),
(831, 0, 3000, 0, 0, 1, 'PARTER', 0, 0, 3, NULL),
(832, 0, 3000, 0, 0, 1, 'PARTER', 0, 0, 3, NULL),
(833, 0, 3000, 0, 0, 1, 'PARTER', 0, 0, 3, NULL),
(834, 0, 3000, 0, 0, 1, 'PARTER', 0, 0, 3, NULL),
(835, 0, 3000, 0, 0, 1, 'PARTER', 0, 0, 3, NULL),
(836, 0, 3000, 0, 0, 1, 'PARTER', 0, 0, 3, NULL),
(837, 0, 3000, 0, 0, 1, 'PARTER', 0, 0, 3, NULL),
(838, 0, 3000, 0, 0, 1, 'PARTER', 0, 0, 3, NULL),
(839, 0, 3000, 0, 0, 1, 'PARTER', 0, 0, 3, NULL),
(840, 0, 3000, 0, 0, 1, 'PARTER', 0, 0, 3, NULL),
(841, 0, 3000, 0, 0, 1, 'PARTER', 0, 0, 3, NULL),
(842, 0, 3000, 0, 0, 1, 'PARTER', 0, 0, 3, NULL),
(843, 0, 3000, 0, 0, 1, 'PARTER', 0, 0, 3, NULL),
(844, 0, 3000, 0, 0, 1, 'PARTER', 0, 0, 3, NULL),
(845, 0, 3000, 0, 0, 1, 'PARTER', 0, 0, 3, NULL),
(846, 0, 3000, 0, 0, 1, 'PARTER', 0, 0, 3, NULL),
(847, 0, 3000, 0, 0, 1, 'PARTER', 0, 0, 3, NULL),
(848, 0, 3000, 0, 0, 1, 'PARTER', 0, 0, 3, NULL),
(849, 0, 3000, 0, 0, 1, 'PARTER', 0, 0, 3, NULL),
(850, 0, 3000, 0, 0, 1, 'PARTER', 0, 0, 3, NULL),
(851, 0, 3000, 0, 0, 1, 'PARTER', 0, 0, 3, NULL),
(852, 0, 3000, 0, 0, 1, 'PARTER', 0, 0, 3, NULL),
(853, 0, 3000, 0, 0, 1, 'PARTER', 0, 0, 3, NULL),
(854, 0, 3000, 0, 0, 1, 'PARTER', 0, 0, 3, NULL),
(855, 0, 3000, 0, 0, 1, 'PARTER', 0, 0, 3, NULL),
(856, 0, 3000, 0, 0, 1, 'PARTER', 0, 0, 3, NULL),
(857, 0, 3000, 0, 0, 1, 'PARTER', 0, 0, 3, NULL),
(858, 0, 3000, 0, 0, 1, 'PARTER', 0, 0, 3, NULL),
(859, 0, 3000, 0, 0, 1, 'PARTER', 0, 0, 3, NULL),
(860, 0, 3000, 0, 0, 1, 'PARTER', 0, 0, 3, NULL),
(861, 0, 3000, 0, 0, 1, 'PARTER', 0, 0, 3, NULL),
(862, 0, 3000, 0, 0, 1, 'PARTER', 0, 0, 3, NULL),
(863, 0, 3000, 0, 0, 1, 'PARTER', 0, 0, 3, NULL),
(864, 0, 3000, 0, 0, 1, 'PARTER', 0, 0, 3, NULL),
(865, 0, 3000, 0, 0, 1, 'PARTER', 0, 0, 3, NULL),
(866, 0, 3000, 0, 0, 1, 'PARTER', 0, 0, 3, NULL),
(867, 0, 3000, 0, 0, 1, 'PARTER', 0, 0, 3, NULL),
(868, 0, 3000, 0, 0, 1, 'PARTER', 0, 0, 3, NULL),
(869, 0, 3000, 0, 0, 1, 'PARTER', 0, 0, 3, NULL),
(870, 0, 3000, 0, 0, 1, 'PARTER', 0, 0, 3, NULL),
(871, 0, 3000, 0, 0, 1, 'PARTER', 0, 0, 3, NULL),
(872, 0, 3000, 0, 0, 1, 'PARTER', 0, 0, 3, NULL),
(873, 0, 3000, 0, 0, 1, 'PARTER', 0, 0, 3, NULL),
(874, 0, 3000, 0, 0, 1, 'PARTER', 0, 0, 3, NULL),
(875, 0, 3000, 0, 0, 1, 'PARTER', 0, 0, 3, NULL),
(876, 0, 3000, 0, 0, 1, 'PARTER', 0, 0, 3, NULL),
(877, 0, 3000, 0, 0, 1, 'PARTER', 0, 0, 3, NULL),
(878, 0, 3000, 0, 0, 1, 'PARTER', 0, 0, 3, NULL),
(879, 0, 3000, 0, 0, 1, 'PARTER', 0, 0, 3, NULL),
(880, 0, 3000, 0, 0, 1, 'PARTER', 0, 0, 3, NULL),
(881, 0, 3000, 0, 0, 1, 'PARTER', 0, 0, 3, NULL),
(882, 0, 3000, 0, 0, 1, 'PARTER', 0, 0, 3, NULL),
(883, 0, 3000, 0, 0, 1, 'PARTER', 0, 0, 3, NULL),
(884, 0, 3000, 0, 0, 1, 'PARTER', 0, 0, 3, NULL),
(885, 0, 3000, 0, 0, 1, 'PARTER', 0, 0, 3, NULL),
(886, 0, 3000, 0, 0, 1, 'PARTER', 0, 0, 3, NULL),
(887, 0, 3000, 0, 0, 1, 'PARTER', 0, 0, 3, NULL),
(888, 0, 3000, 0, 0, 1, 'PARTER', 0, 0, 3, NULL),
(889, 0, 3000, 0, 0, 1, 'PARTER', 0, 0, 3, NULL),
(890, 0, 3000, 0, 0, 1, 'PARTER', 0, 0, 3, NULL),
(891, 0, 3000, 0, 0, 1, 'PARTER', 0, 0, 3, NULL),
(892, 0, 3000, 0, 0, 1, 'PARTER', 0, 0, 3, NULL),
(893, 0, 3000, 0, 0, 1, 'PARTER', 0, 0, 3, NULL),
(894, 0, 3000, 0, 0, 1, 'PARTER', 0, 0, 3, NULL),
(895, 0, 3000, 0, 0, 1, 'PARTER', 0, 0, 3, NULL),
(896, 0, 3000, 0, 0, 1, 'PARTER', 0, 0, 3, NULL),
(897, 0, 3000, 0, 0, 1, 'PARTER', 0, 0, 3, NULL),
(898, 0, 3000, 0, 0, 1, 'PARTER', 0, 0, 3, NULL),
(899, 0, 3000, 0, 0, 1, 'PARTER', 0, 0, 3, NULL),
(900, 0, 3000, 0, 0, 1, 'PARTER', 0, 0, 3, NULL),
(901, 0, 3000, 0, 0, 1, 'PARTER', 0, 0, 3, NULL),
(902, 0, 3000, 0, 0, 1, 'PARTER', 0, 0, 3, NULL),
(903, 0, 3000, 0, 0, 1, 'PARTER', 0, 0, 3, NULL),
(904, 0, 3000, 0, 0, 1, 'PARTER', 0, 0, 3, NULL),
(905, 0, 3000, 0, 0, 1, 'PARTER', 0, 0, 3, NULL),
(906, 0, 3000, 0, 0, 1, 'PARTER', 0, 0, 3, NULL),
(907, 0, 3000, 0, 0, 1, 'PARTER', 0, 0, 3, NULL),
(908, 0, 3000, 0, 0, 1, 'PARTER', 0, 0, 3, NULL),
(909, 0, 3000, 0, 0, 1, 'PARTER', 0, 0, 3, NULL),
(910, 0, 3000, 0, 0, 1, 'PARTER', 0, 0, 3, NULL),
(911, 0, 3000, 0, 0, 1, 'PARTER', 0, 0, 3, NULL),
(912, 0, 3000, 0, 0, 1, 'PARTER', 0, 0, 3, NULL),
(913, 0, 3000, 0, 0, 1, 'PARTER', 0, 0, 3, NULL),
(914, 0, 3000, 0, 0, 1, 'PARTER', 0, 0, 3, NULL),
(915, 0, 3000, 0, 0, 1, 'PARTER', 0, 0, 3, NULL),
(916, 0, 3000, 0, 0, 1, 'PARTER', 0, 0, 3, NULL),
(917, 0, 3000, 0, 0, 1, 'PARTER', 0, 0, 3, NULL),
(918, 0, 3000, 0, 0, 1, 'PARTER', 0, 0, 3, NULL),
(919, 0, 3000, 0, 0, 1, 'PARTER', 0, 0, 3, NULL),
(920, 0, 3000, 0, 0, 1, 'PARTER', 0, 0, 3, NULL),
(921, 0, 3000, 0, 0, 1, 'PARTER', 0, 0, 3, NULL),
(922, 0, 3000, 0, 0, 1, 'PARTER', 0, 0, 3, NULL),
(923, 0, 3000, 0, 0, 1, 'PARTER', 0, 0, 3, NULL),
(924, 0, 3000, 0, 0, 1, 'PARTER', 0, 0, 3, NULL),
(925, 0, 3000, 0, 0, 1, 'PARTER', 0, 0, 3, NULL),
(926, 0, 3000, 0, 0, 1, 'PARTER', 0, 0, 3, NULL),
(927, 0, 3000, 0, 0, 1, 'PARTER', 0, 0, 3, NULL),
(928, 0, 3000, 0, 0, 1, 'PARTER', 0, 0, 3, NULL),
(929, 0, 3000, 0, 0, 1, 'PARTER', 0, 0, 3, NULL),
(930, 0, 3000, 0, 0, 1, 'PARTER', 0, 0, 3, NULL),
(931, 0, 3000, 0, 0, 1, 'PARTER', 0, 0, 3, NULL),
(932, 0, 3000, 0, 0, 1, 'PARTER', 0, 0, 3, NULL),
(933, 0, 3000, 0, 0, 1, 'PARTER', 0, 0, 3, NULL),
(934, 0, 3000, 0, 0, 1, 'PARTER', 0, 0, 3, NULL),
(935, 0, 3000, 0, 0, 1, 'PARTER', 0, 0, 3, NULL),
(936, 0, 3000, 0, 0, 1, 'PARTER', 0, 0, 3, NULL),
(937, 0, 4000, 1, 1, 2, 'GRANDSTAND', 0, 0, 3, NULL),
(938, 0, 4000, 2, 1, 2, 'GRANDSTAND', 0, 0, 3, NULL),
(939, 0, 4000, 3, 1, 2, 'GRANDSTAND', 0, 0, 3, NULL),
(940, 0, 4000, 4, 1, 2, 'GRANDSTAND', 0, 0, 3, NULL),
(941, 0, 4000, 5, 1, 2, 'GRANDSTAND', 0, 0, 3, NULL),
(942, 0, 4000, 1, 2, 2, 'GRANDSTAND', 0, 0, 3, NULL),
(943, 0, 4000, 2, 2, 2, 'GRANDSTAND', 0, 0, 3, NULL),
(944, 0, 4000, 3, 2, 2, 'GRANDSTAND', 0, 0, 3, NULL),
(945, 0, 4000, 4, 2, 2, 'GRANDSTAND', 0, 0, 3, NULL),
(946, 0, 4000, 5, 2, 2, 'GRANDSTAND', 0, 0, 3, NULL),
(947, 0, 4000, 1, 3, 2, 'GRANDSTAND', 0, 0, 3, NULL),
(948, 0, 4000, 2, 3, 2, 'GRANDSTAND', 0, 0, 3, NULL),
(949, 0, 4000, 3, 3, 2, 'GRANDSTAND', 0, 0, 3, NULL),
(950, 0, 4000, 4, 3, 2, 'GRANDSTAND', 0, 0, 3, NULL),
(951, 0, 4000, 5, 3, 2, 'GRANDSTAND', 0, 0, 3, NULL),
(952, 0, 4000, 1, 4, 2, 'GRANDSTAND', 0, 0, 3, NULL),
(953, 0, 4000, 2, 4, 2, 'GRANDSTAND', 0, 0, 3, NULL),
(954, 0, 4000, 3, 4, 2, 'GRANDSTAND', 0, 0, 3, NULL),
(955, 0, 4000, 4, 4, 2, 'GRANDSTAND', 0, 0, 3, NULL),
(956, 0, 4000, 5, 4, 2, 'GRANDSTAND', 0, 0, 3, NULL),
(957, 0, 4000, 1, 5, 2, 'GRANDSTAND', 0, 0, 3, NULL),
(958, 0, 4000, 2, 5, 2, 'GRANDSTAND', 0, 0, 3, NULL),
(959, 0, 4000, 3, 5, 2, 'GRANDSTAND', 0, 0, 3, NULL),
(960, 0, 4000, 4, 5, 2, 'GRANDSTAND', 0, 0, 3, NULL),
(961, 0, 4000, 5, 5, 2, 'GRANDSTAND', 0, 0, 3, NULL),
(962, 0, 4000, 1, 6, 2, 'GRANDSTAND', 0, 0, 3, NULL),
(963, 0, 4000, 2, 6, 2, 'GRANDSTAND', 0, 0, 3, NULL),
(964, 0, 4000, 3, 6, 2, 'GRANDSTAND', 0, 0, 3, NULL),
(965, 0, 4000, 4, 6, 2, 'GRANDSTAND', 0, 0, 3, NULL),
(966, 0, 4000, 5, 6, 2, 'GRANDSTAND', 0, 0, 3, NULL),
(967, 0, 4000, 1, 7, 2, 'GRANDSTAND', 0, 0, 3, NULL),
(968, 0, 4000, 2, 7, 2, 'GRANDSTAND', 0, 0, 3, NULL),
(969, 0, 4000, 3, 7, 2, 'GRANDSTAND', 0, 0, 3, NULL),
(970, 0, 4000, 4, 7, 2, 'GRANDSTAND', 0, 0, 3, NULL),
(971, 0, 4000, 5, 7, 2, 'GRANDSTAND', 0, 0, 3, NULL),
(972, 0, 4000, 1, 8, 2, 'GRANDSTAND', 0, 0, 3, NULL),
(973, 0, 4000, 2, 8, 2, 'GRANDSTAND', 0, 0, 3, NULL),
(974, 0, 4000, 3, 8, 2, 'GRANDSTAND', 0, 0, 3, NULL),
(975, 0, 4000, 4, 8, 2, 'GRANDSTAND', 0, 0, 3, NULL),
(976, 0, 4000, 5, 8, 2, 'GRANDSTAND', 0, 0, 3, NULL),
(977, 0, 4000, 1, 9, 2, 'GRANDSTAND', 0, 0, 3, NULL),
(978, 0, 4000, 2, 9, 2, 'GRANDSTAND', 0, 0, 3, NULL),
(979, 0, 4000, 3, 9, 2, 'GRANDSTAND', 0, 0, 3, NULL),
(980, 0, 4000, 4, 9, 2, 'GRANDSTAND', 0, 0, 3, NULL),
(981, 0, 4000, 5, 9, 2, 'GRANDSTAND', 0, 0, 3, NULL),
(982, 0, 4000, 1, 10, 2, 'GRANDSTAND', 0, 0, 3, NULL),
(983, 0, 4000, 2, 10, 2, 'GRANDSTAND', 0, 0, 3, NULL),
(984, 0, 4000, 3, 10, 2, 'GRANDSTAND', 0, 0, 3, NULL),
(985, 0, 4000, 4, 10, 2, 'GRANDSTAND', 0, 0, 3, NULL),
(986, 0, 4000, 5, 10, 2, 'GRANDSTAND', 0, 0, 3, NULL),
(987, 0, 15000, 1, 1, 3, 'GRANDSTAND', 0, 1, 3, NULL),
(988, 0, 15000, 2, 1, 3, 'GRANDSTAND', 0, 1, 3, NULL),
(989, 0, 15000, 3, 1, 3, 'GRANDSTAND', 0, 1, 3, NULL),
(990, 0, 15000, 1, 2, 3, 'GRANDSTAND', 0, 1, 3, NULL),
(991, 0, 15000, 2, 2, 3, 'GRANDSTAND', 0, 1, 3, NULL),
(992, 0, 15000, 3, 2, 3, 'GRANDSTAND', 0, 1, 3, NULL),
(993, 0, 15000, 1, 3, 3, 'GRANDSTAND', 0, 1, 3, NULL),
(994, 0, 15000, 2, 3, 3, 'GRANDSTAND', 0, 1, 3, NULL),
(995, 0, 15000, 3, 3, 3, 'GRANDSTAND', 0, 1, 3, NULL),
(996, 0, 15000, 1, 4, 3, 'GRANDSTAND', 0, 1, 3, NULL),
(997, 0, 15000, 2, 4, 3, 'GRANDSTAND', 0, 1, 3, NULL),
(998, 0, 15000, 3, 4, 3, 'GRANDSTAND', 0, 1, 3, NULL),
(999, 0, 15000, 1, 5, 3, 'GRANDSTAND', 0, 1, 3, NULL),
(1000, 0, 15000, 2, 5, 3, 'GRANDSTAND', 0, 1, 3, NULL),
(1001, 0, 15000, 3, 5, 3, 'GRANDSTAND', 0, 1, 3, NULL),
(1002, 0, 15000, 1, 6, 3, 'GRANDSTAND', 0, 1, 3, NULL),
(1003, 0, 15000, 2, 6, 3, 'GRANDSTAND', 0, 1, 3, NULL),
(1004, 0, 15000, 3, 6, 3, 'GRANDSTAND', 0, 1, 3, NULL),
(1005, 0, 15000, 1, 7, 3, 'GRANDSTAND', 0, 1, 3, NULL),
(1006, 0, 15000, 2, 7, 3, 'GRANDSTAND', 0, 1, 3, NULL),
(1007, 0, 15000, 3, 7, 3, 'GRANDSTAND', 0, 1, 3, NULL),
(1008, 0, 15000, 1, 8, 3, 'GRANDSTAND', 0, 1, 3, NULL),
(1009, 0, 15000, 2, 8, 3, 'GRANDSTAND', 0, 1, 3, NULL),
(1010, 0, 15000, 3, 8, 3, 'GRANDSTAND', 0, 1, 3, NULL),
(1011, 0, 15000, 1, 9, 3, 'GRANDSTAND', 0, 1, 3, NULL),
(1012, 0, 15000, 2, 9, 3, 'GRANDSTAND', 0, 1, 3, NULL),
(1013, 0, 15000, 3, 9, 3, 'GRANDSTAND', 0, 1, 3, NULL),
(1014, 0, 15000, 1, 10, 3, 'GRANDSTAND', 0, 1, 3, NULL),
(1015, 0, 15000, 2, 10, 3, 'GRANDSTAND', 0, 1, 3, NULL),
(1016, 0, 15000, 3, 10, 3, 'GRANDSTAND', 0, 1, 3, NULL),
(1017, 0, 600, 1, 1, 9, 'GRANDSTAND', 0, 0, 7, NULL),
(1018, 0, 600, 2, 1, 9, 'GRANDSTAND', 0, 0, 7, NULL),
(1019, 0, 600, 3, 1, 9, 'GRANDSTAND', 0, 0, 7, NULL),
(1020, 0, 600, 4, 1, 9, 'GRANDSTAND', 0, 0, 7, NULL),
(1021, 0, 600, 5, 1, 9, 'GRANDSTAND', 0, 0, 7, NULL),
(1022, 0, 600, 1, 2, 9, 'GRANDSTAND', 0, 0, 7, NULL),
(1023, 0, 600, 2, 2, 9, 'GRANDSTAND', 0, 0, 7, NULL),
(1024, 0, 600, 3, 2, 9, 'GRANDSTAND', 0, 0, 7, NULL),
(1025, 0, 600, 4, 2, 9, 'GRANDSTAND', 0, 0, 7, NULL),
(1026, 0, 600, 5, 2, 9, 'GRANDSTAND', 0, 0, 7, NULL),
(1027, 0, 600, 1, 3, 9, 'GRANDSTAND', 0, 0, 7, NULL),
(1028, 0, 600, 2, 3, 9, 'GRANDSTAND', 0, 0, 7, NULL),
(1029, 0, 600, 3, 3, 9, 'GRANDSTAND', 0, 0, 7, NULL),
(1030, 0, 600, 4, 3, 9, 'GRANDSTAND', 0, 0, 7, NULL),
(1031, 0, 600, 5, 3, 9, 'GRANDSTAND', 0, 0, 7, NULL),
(1032, 0, 600, 1, 4, 9, 'GRANDSTAND', 0, 0, 7, NULL),
(1033, 0, 600, 2, 4, 9, 'GRANDSTAND', 0, 0, 7, NULL),
(1034, 0, 600, 3, 4, 9, 'GRANDSTAND', 0, 0, 7, NULL),
(1035, 0, 600, 4, 4, 9, 'GRANDSTAND', 0, 0, 7, NULL),
(1036, 0, 600, 5, 4, 9, 'GRANDSTAND', 0, 0, 7, NULL),
(1037, 0, 600, 1, 5, 9, 'GRANDSTAND', 0, 0, 7, NULL),
(1038, 0, 600, 2, 5, 9, 'GRANDSTAND', 0, 0, 7, NULL),
(1039, 0, 600, 3, 5, 9, 'GRANDSTAND', 0, 0, 7, NULL),
(1040, 0, 600, 4, 5, 9, 'GRANDSTAND', 0, 0, 7, NULL),
(1041, 0, 600, 5, 5, 9, 'GRANDSTAND', 0, 0, 7, NULL),
(1042, 0, 600, 1, 6, 9, 'GRANDSTAND', 0, 0, 7, NULL),
(1043, 0, 600, 2, 6, 9, 'GRANDSTAND', 0, 0, 7, NULL),
(1044, 0, 600, 3, 6, 9, 'GRANDSTAND', 0, 0, 7, NULL),
(1045, 0, 600, 4, 6, 9, 'GRANDSTAND', 0, 0, 7, NULL),
(1046, 0, 600, 5, 6, 9, 'GRANDSTAND', 0, 0, 7, NULL),
(1047, 0, 600, 1, 7, 9, 'GRANDSTAND', 0, 0, 7, NULL),
(1048, 0, 600, 2, 7, 9, 'GRANDSTAND', 0, 0, 7, NULL),
(1049, 0, 600, 3, 7, 9, 'GRANDSTAND', 0, 0, 7, NULL),
(1050, 0, 600, 4, 7, 9, 'GRANDSTAND', 0, 0, 7, NULL),
(1051, 0, 600, 5, 7, 9, 'GRANDSTAND', 0, 0, 7, NULL),
(1052, 0, 600, 1, 8, 9, 'GRANDSTAND', 0, 0, 7, NULL),
(1053, 0, 600, 2, 8, 9, 'GRANDSTAND', 0, 0, 7, NULL),
(1054, 0, 600, 3, 8, 9, 'GRANDSTAND', 0, 0, 7, NULL),
(1055, 0, 600, 4, 8, 9, 'GRANDSTAND', 0, 0, 7, NULL),
(1056, 0, 600, 5, 8, 9, 'GRANDSTAND', 0, 0, 7, NULL),
(1057, 0, 600, 1, 9, 9, 'GRANDSTAND', 0, 0, 7, NULL),
(1058, 0, 600, 2, 9, 9, 'GRANDSTAND', 0, 0, 7, NULL),
(1059, 0, 600, 3, 9, 9, 'GRANDSTAND', 0, 0, 7, NULL),
(1060, 0, 600, 4, 9, 9, 'GRANDSTAND', 0, 0, 7, NULL),
(1061, 0, 600, 5, 9, 9, 'GRANDSTAND', 0, 0, 7, NULL),
(1062, 0, 600, 1, 10, 9, 'GRANDSTAND', 0, 0, 7, NULL),
(1063, 0, 600, 2, 10, 9, 'GRANDSTAND', 0, 0, 7, NULL),
(1064, 0, 600, 3, 10, 9, 'GRANDSTAND', 0, 0, 7, NULL),
(1065, 0, 600, 4, 10, 9, 'GRANDSTAND', 0, 0, 7, NULL),
(1066, 0, 600, 5, 10, 9, 'GRANDSTAND', 0, 0, 7, NULL);






--insert into location_scheme (id, address, name) values
--(1, "Bul. Mihajla Pupina 3, Novi Sad", "Arena cineplex"),
--(2, "Sutjeska 2, Novi Sad", "Spens");
--
--insert into sector (id, bottom_rightx, bottom_righty, top_leftx, top_lefty, capacity, col_num, row_num, type, location_scheme_id) values
--(1, "150", "200", "100", "50", 5, 5, 1, "GRANDSTAND", 1 ), -- arena
--(2, "400", "200", "350", "50", 6, 2, 3, "GRANDSTAND", 1 ), -- arena
--
--(3, "150", "200", "100", "50", 25, 5, 5, "GRANDSTAND", 2 ), -- spens
--
--(4, "400", "200", "350", "50", 5, 5, 1, "GRANDSTAND", 2 ), -- spens
--(5, "330", "180", "170", "150", 5, 0, 0, "PARTER", 2 ), -- spens
--
----janko :
--(6, "330", "180", "170", "150", 7, 0, 0, "PARTER", 1 ); -- test PARTER in arena
--
--insert into location(id, scheme_id) values
--(1, 1), -- arena
--(2, 2), -- spens eventDay 1
--(3, 2); -- spens eventDay 2
--
--insert into location_sector (id, capacity, price, vip, location_id, sector_id) values
--(1, 5, 3, 0, 1, 1), -- arena Grandstand
--(2, 2, 6, 0, 2, 3), -- spens Grandstand eventDay 1
--(3, 3, 5, 0, 2, 4), -- spens Grandstand eventDay 1
--(4, 3, 4, 0, 2, 5), -- spens Parter eventDay 1
--(5, 25, 6, 0, 3, 3), -- spens Grandstand eventDay 2
--(6, 3, 5, 0, 3, 4), -- spens Grandstand eventDay 2
--(7, 3, 3, 0, 3, 5), -- spens Parter eventDay 2
--
--(8, 7, 5, 1, 1, 6); -- arena PARTER test Janko
--
--insert into event (id, category, description, name) values
--(1, "ENTERTAINMENT", "Opis", "Film 1"),
--(2, "ENTERTAINMENT", "Opis", "Koncert Zdravka Colica");
--
--insert into event_day(id, date, reservation_expiration_date, state, event_id, location_id) values
--(1, "2020-12-15", "2021-02-12", "RESERVABLE_AND_BUYABLE", 1, 1), -- arena, Film 1
--(2, "2020-12-18", "2021-02-16", "RESERVABLE_AND_BUYABLE", 2, 2), -- spens, Colic day 1
--(3, "2020-12-19", "2021-02-17", "RESERVABLE_AND_BUYABLE", 2, 3); -- spens, Colic day 2
--
--insert into ticket(id, price, seat_col, seat_row, sector_id, sold, vip, event_day_id, sector_type) values
--(1, 3, 1, 1, 1, 0, 0, 1, "GRANDSTAND"), -- arena grandstand id 1
--(2, 3, 2, 1, 1, 0, 0, 1, "GRANDSTAND"), --
--(3, 3, 3, 1, 1, 0, 0, 1, "GRANDSTAND"), --
--(4, 3, 4, 1, 1, 0, 0, 1, "GRANDSTAND"), --
--(5, 3, 5, 1, 1, 0, 0, 1, "GRANDSTAND"), --
--(6, 6, 1, 1, 3, 0, 0, 2, "GRANDSTAND"), -- spens grandstand id 2  day 1
--(7, 6, 2, 1, 3, 0, 0, 2, "GRANDSTAND"), --
--(8, 5, 1, 1, 4, 0, 0, 2, "GRANDSTAND"), -- spens grandstand id 3
--(9, 5, 2, 1, 4, 0, 0, 2, "GRANDSTAND"), --
--(10, 5, 3, 1, 4, 0, 0, 2, "GRANDSTAND"), --
--(11, 3, 0, 0, 5, 0, 0, 2, "PARTER"), -- spens parter id 5
--(12, 3, 0, 0, 5, 0, 0, 2, "PARTER"), --
--(13, 3, 0, 0, 5, 0, 0, 2, "PARTER"), --
--(14, 6, 1, 1, 3, 0, 0, 3, "GRANDSTAND"), -- spens grandstand id 2 day 2
--(15, 6, 2, 1, 3, 0, 0, 3, "GRANDSTAND"), --
--(16, 5, 1, 1, 4, 0, 0, 3, "GRANDSTAND"), -- spens grandstand id 3
--(17, 5, 2, 1, 4, 0, 0, 3, "GRANDSTAND"), --
--(18, 5, 3, 1, 4, 0, 0, 3, "GRANDSTAND"), --
--(19, 3, 1, 1, 5, 0, 0, 3, "PARTER"), -- spens parter id 5
--(20, 3, 2, 1, 5, 0, 0, 3, "PARTER"), --
--(21, 3, 3, 1, 5, 0, 0, 3, "PARTER"), --
--
---- janko:
----(id, price, seat_col, seat_row, sector_id, sold, vip, event_day_id, sector_type)
--(22, 2, 5, 4, 3, 0, 0, 3, "GRANDSTAND"), --
--(23, 2, 1, 2, 3, 0, 0, 3, "GRANDSTAND"), --
--(24, 2, 1, 3, 3, 0, 0, 3, "GRANDSTAND"), --
--(25, 2, 1, 4, 3, 0, 0, 3, "GRANDSTAND"), --
--(26, 2, 1, 5, 3, 0, 0, 3, "GRANDSTAND"), --
--(27, 2, 5, 5, 3, 0, 0, 3, "GRANDSTAND"), --
--(28, 2, 2, 2, 3, 0, 0, 3, "GRANDSTAND"), --
--(29, 2, 2, 3, 3, 0, 0, 3, "GRANDSTAND"), --
--(30, 2, 2, 4, 3, 0, 0, 3, "GRANDSTAND"), --
--(31, 2, 2, 5, 3, 0, 0, 3, "GRANDSTAND"), --
--(32, 2, 3, 1, 3, 0, 0, 3, "GRANDSTAND"), --
--(33, 2, 3, 2, 3, 0, 0, 3, "GRANDSTAND"), --
--(34, 2, 3, 3, 3, 0, 0, 3, "GRANDSTAND"), --
--(35, 2, 3, 4, 3, 0, 0, 3, "GRANDSTAND"), --
--(36, 2, 3, 5, 3, 0, 0, 3, "GRANDSTAND"), --
--(37, 2, 4, 1, 3, 0, 0, 3, "GRANDSTAND"), --
--(38, 2, 4, 2, 3, 0, 0, 3, "GRANDSTAND"), --
--(39, 2, 4, 3, 3, 0, 0, 3, "GRANDSTAND"), --
--(40, 2, 4, 4, 3, 0, 0, 3, "GRANDSTAND"), --
--(41, 2, 4, 5, 3, 0, 0, 3, "GRANDSTAND"), --
--(42, 2, 5, 1, 3, 0, 0, 3, "GRANDSTAND"), --
--(43, 2, 5, 2, 3, 0, 0, 3, "GRANDSTAND"), --
--(44, 2, 5, 3, 3, 0, 0, 3, "GRANDSTAND"), --
--
----(id, price, seat_col, seat_row, sector_id, sold, vip, event_day_id, sector_type)
--
--(45, 5, 0, 0, 6, 0, 0, 1, "PARTER"), -- arena PARTER
--(46, 5, 0, 0, 6, 0, 0, 1, "PARTER"),
--(47, 5, 0, 0, 6, 0, 0, 1, "PARTER"),
--(48, 5, 0, 0, 6, 0, 0, 1, "PARTER"),
--(49, 5, 0, 0, 6, 0, 0, 1, "PARTER"),
--(50, 5, 0, 0, 6, 0, 0, 1, "PARTER"),
--(51, 5, 0, 0, 6, 0, 0, 1, "PARTER"); --
--
